title,imdb_score,predicted_score
Taxi Driver,8.2,8.3
Deliverance,7.7,6.2
Monty Python and the Holy Grail,8.2,6.9
The Dirty Dozen,7.7,7.4
Life of Brian,8.0,7.0
Dirty Harry,7.7,6.1
Bonnie and Clyde,7.7,7.3
The Blue Lagoon,5.8,6.3
The Guns of Navarone,7.5,7.7
The Professionals,7.3,6.7
Richard Pryor: Live in Concert,8.1,7.0
White Christmas,7.5,7.3
Cairo Station,7.5,7.5
Hitler: A Career,7.5,7.6
FTA,6.2,7.3
Alexandria… Why?,7.2,6.6
The Land,8.1,7.4
Dostana,2.1,6.5
Saladin the Victorious,7.6,7.7
Alibaba Aur 40 Chor,6.2,5.8
The Blazing Sun,7.4,7.4
Dark Waters,6.7,7.0
We Are All for the Fatherland,6.1,6.9
Singapore,6.4,7.4
"Beirut, Oh Beirut",6.4,6.5
The Return of the Prodigal Son,7.2,6.5
Khoon Khoon,5.1,6.2
Manoranjan,6.5,6.4
Ujala,6.6,7.6
Whispers,7.8,7.3
Chadi Jawani Budhe Nu,4.6,6.1
Bandie,4.4,6.0
GoodFellas,8.7,9.5
Full Metal Jacket,8.3,8.7
Once Upon a Time in America,8.3,7.7
When Harry Met Sally...,7.7,6.9
A Nightmare on Elm Street,7.4,6.5
Steel Magnolias,7.3,6.5
Police Academy,6.7,6.7
Christine,6.7,6.0
Awakenings,7.8,7.1
National Lampoon's Christmas Vacation,7.5,6.8
Lean On Me,7.4,6.8
Eddie Murphy Raw,7.6,7.4
She's Gotta Have It,6.7,6.1
Endless Love,4.9,6.5
Vaashi,6.7,6.6
Mobile Suit Gundam: Char's Counterattack,7.3,7.4
Mobile Suit Gundam II: Soldiers of Sorrow,7.2,7.5
Sam Kinison: Breaking the Rules,7.2,7.1
Waiting for the Hearse,8.0,6.3
Tim Allen: Men Are Pigs,6.1,6.8
Mobile Suit Gundam III: Encounters in Space,7.6,7.6
Monty Python Live at the Hollywood Bowl,7.9,7.3
Disco Dancer,6.4,6.4
Agneepath,7.6,6.9
Parrot Sketch Not Included: Twenty Years of Monty Python,8.1,6.2
Too Young The Hero,6.7,7.0
A Stoning in Fulham County,5.9,6.7
The Ryan White Story,7.2,6.7
Dil,6.6,6.7
Adam: His Song Continues,7.0,6.7
The George McKenna Story,6.0,6.7
In Defense of a Married Man,5.6,6.6
Mujrim,5.4,6.9
Aakhri Adaalat,5.1,6.3
"Alexandria, Again and Forever",6.5,6.7
Duniya,6.3,6.8
Strange Voices,6.3,6.7
Jaal,5.2,6.6
Quiet Victory: The Charlie Wedemeyer Story,7.2,6.7
Muqaddar Ka Faisla,4.8,6.6
Pyar Ke Do Pal,6.1,6.6
Sohni Mahiwal,6.1,6.4
Ek Jaan Hain Hum,6.3,6.1
An Egyptian Story,7.3,6.9
The Little Wars,6.3,6.9
Unspeakable Acts,6.1,6.7
Mission: Impossible,7.1,6.9
Se7en,8.6,10.1
Boogie Nights,7.9,7.6
Forrest Gump,8.8,11.0
Snatch,8.3,8.2
The Talented Mr. Ripley,7.4,7.2
Titanic,7.9,9.5
Starship Troopers,7.3,6.6
Mission: Impossible II,6.1,6.8
Dumb and Dumber,7.3,7.3
Gattaca,7.8,6.6
Léon: The Professional,8.5,8.7
Natural Born Killers,7.3,6.4
The Quick and the Dead,6.5,5.8
You've Got Mail,6.7,6.8
Big Daddy,6.4,7.0
Vampires,6.1,5.7
Donnie Brasco,7.7,7.3
A River Runs Through It,7.2,6.8
"Girl, Interrupted",7.3,7.2
Last Action Hero,6.4,6.4
My Girl,6.9,6.0
Wyatt Earp,6.7,7.1
Eraser,6.1,6.5
Neon Genesis Evangelion: The End of Evangelion,8.0,7.0
Vegas Vacation,5.9,6.4
In the Line of Fire,7.2,6.6
Little Women,7.3,6.2
U.S. Marshals,6.5,6.4
Anaconda,4.8,5.7
The Replacements,6.6,6.6
Seven Years in Tibet,7.1,7.5
The Net,5.9,6.5
Cliffhanger,6.5,7.1
Menace II Society,7.5,6.6
Johnny Mnemonic,5.6,6.1
3 Ninjas Kick Back,4.5,5.7
Edge of Seventeen,6.8,6.3
The Devil's Own,6.2,6.3
Spawn,5.2,5.9
Croupier,7.0,6.6
The Next Karate Kid,4.5,5.8
Geronimo: An American Legend,6.5,7.0
Double Team,4.8,5.8
Heavy,6.8,6.4
The Players Club,5.9,6.7
Kuch Kuch Hota Hai,7.6,7.0
Children of God,6.3,7.1
Knight Rider 2000,4.5,5.9
Hum Aapke Hain Koun..!,7.5,7.0
Dil Se..,7.5,6.9
Jerry Seinfeld: I'm Telling You for the Last Time,7.9,7.1
Sankofa,7.0,6.7
Herod's Law,7.8,6.4
Wild Tango,6.7,6.5
The Last Days,7.9,8.1
Sam Kinison: Live in Vegas,6.6,7.0
Bill Hicks: Revelations,8.5,7.1
Bombay,8.1,6.6
Mann,6.1,6.8
Soldier,6.2,6.2
Sinbad: Son of a Preacher Man,6.8,7.0
Damini,7.8,7.1
Hum Saath Saath Hain,6.2,6.6
Destiny,7.1,6.7
Chronicle of a Disappearance,6.9,6.5
Muthu,7.6,6.4
Jeans,6.4,6.7
Monty Python: Live at Aspen,7.8,7.0
Minsara Kanavu,6.7,6.6
Duplicate,5.5,6.3
Avvai Shanmugi,7.9,7.1
Anjaam,6.6,6.4
A Triumph of the Heart: The Ricky Bell Story,7.2,6.6
Phir Bhi Dil Hai Hindustani,6.1,6.7
Children of Shatila,8.1,7.2
Tim Allen: Rewires America,6.0,6.8
West Beirut,7.6,6.5
Govindha Govindha,6.6,6.7
Out of Life,6.9,6.8
Gumrah,6.1,6.4
Sinbad: Nothin' but the Funk,6.3,7.0
Sinbad: Afros and Bellbottoms,7.8,7.1
Fiza,6.0,6.3
Before the Flying Circus,7.3,6.9
The Other,5.9,6.2
Yodha,4.5,6.6
The Emigrant,6.5,6.8
Hello Brother,4.6,6.0
Dushmani,5.0,6.4
Nightmare in Columbia County,5.5,6.4
Shikari,5.8,6.8
The Mist,7.1,6.4
Mean Girls,7.1,7.2
Catch Me If You Can,8.1,9.0
Old School,7.0,6.7
Anchorman: The Legend of Ron Burgundy,7.1,7.1
Inception,8.8,10.8
The Departed,8.5,9.3
Insidious,6.8,6.2
War of the Worlds,6.5,6.8
Wanted,6.7,6.8
Casino Royale,8.0,7.4
The Terminal,7.4,7.4
Michael Clayton,7.2,6.9
Road to Perdition,7.7,8.0
Big Fish,8.0,7.2
The Hurt Locker,7.5,7.8
Troy,7.3,8.3
Sherlock Holmes,7.6,7.5
Love Actually,7.6,7.6
Get Smart,6.5,6.4
Quantum of Solace,6.6,6.9
The Blind Side,7.6,7.6
Identity,7.3,6.6
I Am Legend,7.2,7.6
Grown Ups,5.9,6.9
The Girl Next Door,6.7,6.8
Public Enemies,7.0,7.5
Not Another Teen Movie,5.7,6.5
Blow,7.5,7.3
Hancock,6.4,7.4
The Pursuit of Happyness,8.0,7.8
Monster,7.3,6.8
Rambo,7.0,6.5
Something's Gotta Give,6.7,6.7
Harold & Kumar Go to White Castle,7.0,6.6
Thir13en Ghosts,5.6,5.8
Cloudy with a Chance of Meatballs,6.9,6.9
Halloween,6.0,6.3
Jackass: The Movie,6.6,7.1
Semi-Pro,5.8,6.3
The Lake House,6.8,7.2
The Girl Next Door,6.5,6.0
The Book of Eli,6.8,6.5
Blood Diamond,8.0,7.6
Just Like Heaven,6.7,6.5
Ip Man,8.0,7.1
21,6.8,7.4
Friday the 13th,5.5,6.0
Let Me In,7.1,6.1
A Nightmare on Elm Street,5.2,6.0
Miss Congeniality 2: Armed and Fabulous,5.1,6.4
The Bucket List,7.4,7.0
Scary Movie 4,5.1,6.1
The Sweetest Thing,5.1,6.0
How Do You Know,5.4,6.4
Mr. Bean's Holiday,6.4,6.2
The Interpreter,6.4,6.5
John Q,7.0,6.8
3 Idiots,8.4,7.9
The One,5.9,5.8
The Texas Chainsaw Massacre,6.2,6.3
The Cat in the Hat,4.0,5.7
Tears of the Sun,6.6,6.7
Due Date,6.5,7.1
We Are Marshall,7.0,6.9
Blood and Bone,6.7,6.2
Freddy vs. Jason,5.7,5.9
The Golden Compass,6.1,6.3
The Men Who Stare at Goats,6.2,6.8
Cleaner,6.1,6.2
Monster House,6.6,7.0
Good Luck Chuck,5.6,6.1
"10,000 BC",5.1,6.8
Cop Out,5.5,5.9
The Cave,5.1,5.2
Starsky & Hutch,6.1,6.7
New York Minute,4.9,5.6
Rumor Has It...,5.5,6.4
Comedian,6.9,7.2
Catch and Release,5.9,6.4
Lagaan: Once Upon a Time in India,8.1,7.0
Friends with Money,5.8,6.3
Ip Man 2,7.5,6.7
Life As We Know It,6.5,6.5
Death at a Funeral,5.7,6.5
Dreamer: Inspired By a True Story,6.8,6.3
Premonition,5.9,6.6
Soul Plane,4.5,6.0
The Texas Chainsaw Massacre: The Beginning,5.8,6.7
Louis C.K.: Hilarious,8.4,6.0
Deck the Halls,5.0,5.9
Takers,6.2,6.1
Like Stars on Earth,8.3,7.0
Did You Hear About the Morgans?,4.9,6.4
Stuart Little 2,5.5,6.5
Half Past Dead,4.6,5.9
Christmas with the Kranks,5.4,6.0
Alpha and Omega,5.1,5.9
Initial D,6.3,6.6
Naruto Shippuden the Movie,6.7,6.6
Gifted Hands: The Ben Carson Story,7.6,6.5
The Legend of the Nahuala,6.1,6.6
One Piece: Strong World,7.5,7.0
Chaos,6.4,6.2
Waist Deep,5.8,6.2
Trailer Park Boys: The Movie,7.1,6.4
Tito,7.2,7.0
Even the Rain,7.4,6.7
Katt Williams: The Pimp Chronicles Pt. 1,7.6,6.9
Udaan,8.1,6.8
Om Shanti Om,6.7,6.2
Trailer Park Boys: Countdown to Liquor Day,7.3,6.4
Kabhi Khushi Kabhie Gham,7.4,7.1
Kal Ho Naa Ho,7.9,6.9
Jab We Met,7.9,6.7
From Within,5.6,6.8
Black Friday,8.4,7.1
Jodhaa Akbar,7.5,7.4
"Cairo 6,7,8",7.4,6.4
Zach Galifianakis: Live at the Purple Onion,7.2,7.0
First Sunday,4.5,6.3
Inuyasha the Movie: Affections Touching Across Time,7.2,6.9
Swades,8.1,7.3
Bon Cop Bad Cop,6.5,6.0
The Boy Who Cried Werewolf,5.9,5.4
Rang De Basanti,8.1,7.5
Guru,7.7,7.6
Whitney Cummings: Money Shot,6.2,6.7
Welcome,7.0,6.3
Jim Gaffigan: King Baby,7.7,7.0
Mike Birbiglia: What I Should Have Said Was Nothing,7.6,6.0
Dil Chahta Hai,8.1,7.0
Anbe Sivam,8.7,7.0
Tony Manero,6.8,6.6
A Lion in the House,8.7,8.1
Bleach the Movie: Fade to Black,7.1,7.2
Delta Farce,3.6,6.1
My Suicide,7.0,6.7
Phir Hera Pheri,7.1,6.7
Naruto Shippuden the Movie: The Lost Tower,6.8,6.6
Divine Intervention,6.6,6.3
Da Kath & Kim Code,7.3,6.2
Kevin Hart: I'm a Grown Little Man,7.5,7.1
Bleach the Movie: Hell Verse,7.4,6.7
Naruto Shippuden the Movie: Bonds,6.8,6.9
Don,7.1,6.4
Chup Chup Ke,6.9,6.7
Naruto Shippuden the Movie: The Will of Fire,7.0,7.1
Fashion,6.9,6.8
Arahan,6.6,5.9
Whisky,7.1,6.6
Ajab Prem Ki Ghazab Kahani,6.3,6.0
Te quiero,5.0,6.4
Sir! No Sir!,7.6,7.3
Race,7.0,6.4
Sivaji: The Boss,7.5,6.8
Inuyasha the Movie 2: The Castle Beyond the Looking Glass,7.3,6.6
Interview with a Serial Killer,5.9,7.0
G.O.R.A.,8.0,6.2
Guzaarish,7.4,6.2
Raajneeti,7.1,6.5
Jaane Tu... Ya Jaane Na,7.4,6.6
Accident,6.6,6.1
Jeff Dunham: Arguing with Myself,8.0,7.1
Chalte Chalte,6.5,6.8
Naruto: Ninja Clash in the Land of Snow,6.6,6.8
Taxi No. 9 2 11,7.2,6.5
Yuva,7.3,6.5
Wake Up Sid,7.6,6.5
"One Piece: Episode of Chopper Plus: Bloom in the Winter, Miracle Cherry Blossom",7.0,7.2
Awara Paagal Deewana,6.2,6.4
Kabhi Alvida Naa Kehna,6.0,6.8
The Blue Umbrella,7.3,6.2
Naruto: Guardians of the Crescent Moon Kingdom,6.4,6.9
Ishqiya,7.3,6.0
Life in a Metro,7.4,6.4
I Hate Luv Storys,5.6,6.2
Main Hoon Na,7.0,6.3
Billu,6.3,6.8
Paheli,6.3,6.6
Rock On!!,7.7,6.9
"LSD: Love, Sex aur Dhokha",7.2,6.2
One Piece: The Desert Princess and the Pirates: Adventure in Alabasta,6.9,7.1
Break Ke Baad,5.1,6.2
Kaminey,7.4,6.5
Fuga,6.2,6.4
Zozo,6.5,6.5
Luck by Chance,7.1,6.6
Trailer Park Boys: Say Goodnight to the Bad Guys,7.8,6.0
Naruto: Legend of the Stone of Gelel,6.4,7.1
Honeymoon Travels Pvt. Ltd.,6.1,6.4
Manorama Six Feet Under,7.6,6.7
Dhobi Ghat,7.0,6.4
Inuyasha the Movie 4: Fire on the Mystic Island,7.2,6.8
Dev.D,7.9,6.6
Karthik Calling Karthik,7.1,6.0
Dostana,6.5,6.6
Romantik Komedi,5.3,5.7
Kurbaan,5.7,6.2
Once Upon a Time in Mumbaai,7.4,5.9
Delhi-6,6.1,6.9
Inuyasha the Movie 3: Swords of an Honorable Ruler,7.6,6.7
Bluffmaster!,6.6,6.1
Golmaal Returns,5.1,6.5
Oye Lucky! Lucky Oye!,7.7,5.9
Kaal,4.7,5.4
Shootout at Lokhandwala,7.1,7.0
Kannathil Muthamittal,8.4,6.8
Madness in the Desert,8.4,7.5
What's Your Raashee?,4.8,6.9
Kyaa Kool Hai Hum,6.1,6.8
My Führer,5.5,6.6
Eternal Summer,7.0,6.2
The Figurine (Araromire),4.4,6.1
Jim Gaffigan: Beyond the Pale,7.8,7.0
Mumbai Meri Jaan,7.7,6.7
Kevin James: Sweat the Small Stuff,7.4,6.8
Mukhsin,7.3,6.2
This Is the Life,6.3,7.2
The Unjust,6.6,6.0
The Trailer Park Boys Xmas Special,8.0,6.0
C Kkompany,5.5,6.4
Bosta,6.4,6.7
Linewatch,5.4,6.3
We Are Family,5.6,6.0
Love in a Puff,7.1,6.0
Lakshya,7.8,6.9
Agyaat,2.9,5.9
Vizontele,8.0,6.7
Do Dooni Chaar,7.5,6.6
Welcome to Sajjanpur,6.9,6.7
Peepli Live,7.4,6.4
The Legend of Bhagat Singh,8.1,7.0
Banyuki,7.1,6.8
Main Aurr Mrs Khanna,3.4,6.3
Ishq Vishk,6.1,6.5
Kismat Konnection,5.3,6.6
Twins Mission,5.2,6.3
Frank & Cindy,6.9,7.3
Salt of This Sea,6.8,6.2
Apaharan,7.4,6.8
Gangaajal,7.8,6.8
Laugh Out Loud,7.0,6.1
Ijé: The Journey,6.2,6.4
Harishchandrachi Factory,8.4,6.9
Gina Yashere: Skinny B*tch,6.5,6.9
Sergio,7.4,7.2
The Kite,6.4,6.4
Beast Stalker,6.8,5.9
Aamir,7.6,6.2
Chhota Bheem Aur Krishna,6.4,6.7
Palermo Hollywood,5.3,6.6
Connected,6.6,5.9
EMI,4.4,6.7
Kucch To Hai,4.3,5.8
Fida,5.4,5.9
My Amnesia Girl,6.7,5.7
Krishna Cottage,5.1,5.8
Jeff Dunham's Very Special Christmas Special,7.4,7.2
Mission Istaanbul,3.4,6.3
Under the Bombs,7.0,6.7
Kyo Kii... Main Jhuth Nahin Bolta,5.3,6.6
Old Thieves: The Legend of Artegio,8.0,7.2
Stray Bullet,6.3,6.2
Well Done Abba,7.2,6.4
Kisaan,5.5,6.1
Once a Gangster,5.7,5.7
Perazhagan,6.4,6.3
"Do Paise Ki Dhoop, Chaar Aane Ki Baarish",6.5,6.7
Pomegranates and Myrrh,6.2,6.5
Kuselan,4.8,6.7
Chance Pe Dance,4.8,6.2
Dhan Dhana Dhan Goal,5.0,6.8
Aagey Se Right,5.2,6.7
Falafel,6.7,6.4
Hattrick,4.3,6.1
Look for a Star,5.6,6.3
Koi Aap Sa,5.5,6.5
Talentime,7.4,6.7
Dhoondte Reh Jaaoge,5.6,6.7
A Very Special Love,6.5,6.1
Ezra,6.4,6.5
Frontiers of Dreams and Fears,8.2,7.2
A Love Story,6.4,6.3
Bheem vs Aliens,7.6,6.8
Tango with Me,6.3,5.8
Brother's Shadow,6.1,6.5
Rabun,7.6,6.2
Project X,6.6,6.5
Zero Dark Thirty,7.4,7.8
The Amazing Spider-Man,6.9,7.3
The Dark Knight Rises,8.4,10.0
Mission: Impossible - Ghost Protocol,7.4,6.9
Margin Call,7.1,6.6
Django Unchained,8.4,10.0
Les Misérables,7.5,7.8
Argo,7.7,7.7
Kung Fu Panda 2,7.2,7.0
Contagion,6.8,6.5
Sherlock Holmes: A Game of Shadows,7.4,6.9
Contraband,6.4,6.3
Savages,6.4,6.5
Dark Shadows,6.2,6.4
Total Recall,6.2,6.1
The Smurfs,5.4,6.5
Soul Surfer,7.0,6.2
LOL,4.3,6.2
Unknown,6.8,6.3
Rise of the Guardians,7.2,6.4
Here Comes the Boom,6.4,6.0
Berserk: The Golden Age Arc I - The Egg of the King,7.5,6.6
Rurouni Kenshin Part I: Origins,7.4,7.0
Everything Must Go,6.4,6.2
Silenced,8.0,6.6
The Rite,6.0,6.1
Quartet,6.8,6.1
Arthur Christmas,7.1,6.9
John Mulaney: New in Town,8.2,6.8
Hop,5.4,6.6
Red Riding Hood,5.4,5.7
The History of Future Folk,7.1,5.8
A Very Harold & Kumar Christmas,6.2,6.0
Escape from Planet Earth,5.8,6.4
One Piece Film: Z,7.8,6.8
Bully,7.4,7.3
"Chaos, Disorder",6.2,5.9
Sebastian Maniscalco: What's Wrong with People?,8.0,5.9
Singham,6.8,6.4
Berserk: The Golden Age Arc II - The Battle for Doldrey,7.7,6.6
Zindagi Na Milegi Dobara,8.1,6.6
Sleepless Nights,7.7,7.2
A Princess for Christmas,6.3,5.6
Middle of Nowhere,6.5,6.5
Donald Glover: Weirdo,7.4,6.8
Delhi Belly,7.5,5.7
Undefeated,7.7,7.2
Barfi!,8.1,6.6
6 Bullets,6.0,6.1
7 Khoon Maaf,6.2,6.5
Naruto Shippuden the Movie: Blood Prison,7.1,6.1
Maria Bamford: The Special Special Special!,7.0,5.7
The Trial of Adolf Eichmann,7.5,7.0
Don't Go Breaking My Heart,6.5,5.9
Jim Gaffigan: Mr. Universe,7.7,6.0
A Second Chance,4.7,6.0
Big Time Movie,6.1,5.5
Paan Singh Tomar,8.2,6.2
Shor in the City,7.2,6.4
FRED 3: Camp Fred,2.0,5.6
Don 2,7.0,6.0
Pyaar Ka Punchnama,7.6,6.4
Chillar Party,7.5,6.3
Talaash,7.2,6.5
Coming Forth by Day,6.5,6.4
The Great Magician,5.9,6.0
Arjun: The Warrior Prince,6.7,6.9
Toll Booth,6.4,6.4
No One Killed Jessica,7.2,6.5
Ferrari Ki Sawaari,6.4,6.3
Tiger & Bunny: The Beginning,6.6,6.3
The Dirty Picture,6.6,6.7
Kath & Kimderella,5.3,6.0
Rowdy Rathore,5.7,6.3
OMG: Oh My God!,8.1,6.7
Ek Main Aur Ekk Tu,5.7,6.1
A Beautiful Life,6.7,6.2
Mugamoodi,5.1,6.5
Game,5.2,6.0
Bodyguard,4.6,6.0
Material,7.1,6.3
Kyaa Super Kool Hain Hum,5.0,6.7
Jeff Dunham: Controlled Chaos,7.4,7.0
Players,4.2,6.1
Aiyyaa,4.3,6.1
Tere Naal Love Ho Gaya,5.8,6.0
Ragini MMS,5.1,5.8
Grandmaster,6.9,5.8
26 Years,6.3,6.4
Michael,5.3,6.2
"All's Well, Ends Well",5.1,5.9
Heroine,5.0,6.7
Lavell Crawford: Can a Brother Get Some Love?,6.9,7.0
Jeff Dunham: Minding the Monsters,7.0,6.0
Kalakalappu,6.9,6.5
Chhota Bheem & Krishna in Mayanagari,8.7,6.4
Chhota Bheem In Dholakpur to Kathmandu,7.9,6.8
An Elf's Story,5.1,5.9
Bbuddah Hoga Terra Baap,5.6,5.7
Luv Shuv Tey Chicken Khurana,6.6,6.3
Bwakaw,7.1,6.4
Blood Money,5.0,5.9
Shaitan,7.2,6.2
Department,3.2,6.0
Asmaa,8.1,6.4
Thaandavam,6.1,6.1
Chota Bheem Aur Ganesh in the Amazing Odyssey,7.8,6.7
Question Mark,7.0,6.4
Husbands in Goa,3.8,6.4
Chhota Bheem and the Broken Amulet,7.7,6.7
Blitz Patrollie,5.4,5.8
Moshe Kasher: Live in Oakland,6.7,5.8
The Mistress,6.3,6.2
The Rise of Kirmada,8.2,6.8
Vettai,6.0,6.0
Muran,6.3,6.1
A World Not Ours,7.8,7.3
Tom Papa: Live in New York City,7.2,5.8
Zokkomon,4.0,5.8
My Friend Pinto,5.3,6.4
Here Comes the Rain,6.3,6.4
One More Try,6.0,6.4
Chhota Bheem Master of Shaolin,6.1,6.8
No Other Woman,5.9,5.8
Sisterakas,5.0,6.4
Phone Swap,6.2,5.7
"Darling, Something's Wrong with Your Head",6.7,6.0
Paddington,7.2,6.7
It Follows,6.8,6.0
The Imitation Game,8.0,8.2
Rush,8.1,7.3
Nightcrawler,7.8,7.5
St. Vincent,7.2,6.7
The Conjuring,7.5,6.7
How to Train Your Dragon 2,7.8,7.0
Oldboy,5.7,6.2
Big Eyes,7.2,7.1
Begin Again,7.4,6.4
42,7.5,6.8
Olympus Has Fallen,6.5,6.7
Dark Skies,6.3,6.4
Blue Jasmine,7.3,6.8
Insidious: Chapter 2,6.5,6.0
Creep,6.3,5.5
Barefoot,6.6,6.1
The Giver,6.4,6.0
Mandela: Long Walk to Freedom,7.1,7.1
The Green Inferno,5.3,5.6
Empire State,5.2,5.9
Penguins of Madagascar,6.6,6.2
A Walk Among the Tombstones,6.5,6.3
The Call,6.7,5.6
Scary Movie 5,3.5,5.8
Philomena,7.6,6.6
Seventh Son,5.5,6.1
The Butler,7.2,6.9
Texas Chainsaw 3D,4.8,5.5
Cloudy with a Chance of Meatballs 2,6.3,6.8
Metallica: Through the Never,7.1,6.2
Mr. Peabody & Sherman,6.8,6.2
The Frozen Ground,6.4,6.4
Shrek the Musical,6.9,6.1
The Railway Man,7.1,6.8
Get on Up,6.9,6.8
Who Am I,7.5,6.1
The Battered Bastards of Baseball,8.0,7.0
Walk of Shame,6.0,6.2
Cowspiracy: The Sustainability Secret,8.2,7.1
The Smurfs 2,5.3,6.6
"I, Frankenstein",5.1,5.2
The November Man,6.2,5.9
PK,8.1,6.7
Bill Burr: I'm Sorry You Feel That Way,8.3,6.9
Copenhagen,7.0,6.0
Thanks for Sharing,6.4,6.2
Queen,8.1,6.9
Virunga,8.2,7.2
Mike Birbiglia: My Girlfriend's Boyfriend,8.0,6.5
Effie Gray,6.0,6.2
Elena,7.6,6.9
The Haunting in Connecticut 2: Ghosts of Georgia,5.2,5.8
The Nut Job,5.7,6.5
Haider,8.1,6.4
Omar,7.5,6.1
Tom Segura: Completely Normal,7.7,6.9
We Steal Secrets: The Story of WikiLeaks,6.9,7.3
Search Party,5.6,6.2
Stand by Me Doraemon,7.3,6.6
Berserk: The Golden Age Arc III - The Advent,7.8,6.3
The Square,8.1,7.5
2 States,6.9,6.3
The Short Game,7.3,7.0
Highway,7.6,6.4
Jinxed,6.3,5.5
Dabbe: The Possession,6.8,5.8
Ralphie May: Imperfectly Yours,5.4,6.9
Mary Kom,6.8,6.7
"The Other One: The Long, Strange Trip of Bob Weir",7.3,6.9
Fukrey,6.9,6.4
Free Birds,5.8,6.4
Race 2,5.3,6.0
Birth Reborn,7.8,6.9
The Berlin File,6.6,5.8
Monty Python: The Meaning of Live,7.6,7.0
Imperial Dreams,6.7,6.3
Monty Python: Live (Mostly),7.6,7.3
LEGO DC Comics Super Heroes: Batman Be-Leaguered,6.5,5.6
Hasee Toh Phasee,6.8,6.1
The Boss: Anatomy of a Crime,7.3,6.3
Once Upon a Time in Mumbai Dobaara!,4.4,6.2
Jim Jefferies: Bare,8.0,6.0
Pizza,6.2,5.4
Boss,5.1,6.5
Madras Cafe,7.6,6.2
Ankhon Dekhi,8.0,6.4
Kai Po Che!,7.7,6.7
Anjaan,5.3,6.1
ABCD,6.3,6.7
Blind Detective,6.4,6.1
Satyagraha,5.9,7.6
Buddies,6.5,6.8
Khoobsurat,6.4,5.9
The Perfect Dictatorship,7.2,6.6
Bride for Rent,6.4,5.8
Selfie,6.0,7.4
Chashme Baddoor,5.4,6.4
Bombay Talkies,6.6,6.3
Humpty Sharma Ki Dulhania,6.0,6.2
Ragini MMS 2,3.9,5.9
Mission Blue,7.9,7.2
Chennai Express,6.0,6.2
Saheb Biwi Aur Gangster Returns,6.7,6.1
Raja Natwarlal,6.1,6.1
My Beautiful Broken Brain,7.0,6.9
Jim Gaffigan: Obsessed,7.6,6.8
Jeff Dunham: All Over the Map,7.1,5.7
Eyes of a Thief,6.6,6.4
Miss Granny,7.2,6.2
Aziz Ansari: Buried Alive,7.2,6.9
Print the Legend,7.0,7.6
The Butterfly's Dream,7.7,6.7
Tea Time,7.6,6.9
Mitt,6.9,6.7
Trailer Park Boys - Live in F**kin' Dublin,6.2,6.0
Ungli,5.8,6.4
When Love Happens,4.8,5.9
Marc Maron: Thinky Pain,7.3,6.0
Coming Soon,7.3,6.2
Born in Gaza,7.4,6.8
Tiger & Bunny: The Rising,6.7,6.4
My Own Man,6.4,6.9
SDU: Sex Duties Unit,5.9,5.8
City of God: 10 Years Later,6.4,6.8
October 1,6.4,6.5
The Amazing Praybeyt Benjamin,4.0,5.8
Free to Play,7.6,6.7
Inkaar,6.1,6.1
Dabbe 5: Curse of the Jinn,5.9,6.0
Diamonds in the Sky,7.4,6.6
Chhota Bheem and the ShiNobi Secret,8.6,6.6
Bhaji in Problem,7.1,6.5
Dedh Ishqiya,7.0,6.2
She's The One,6.3,6.1
Wedding Association,7.0,6.2
Chelsea Handler: Uganda Be Kidding Me Live,5.8,5.9
Ghadi,7.3,6.1
Swearnet: The Movie,6.0,6.3
E-Team,7.1,7.2
SampleThis,6.4,6.9
El Mago Pop,6.8,6.7
Ghanchakkar,5.8,6.1
Seven Souls in the Skull Castle,7.3,6.3
Giraffada,6.3,6.2
Pagpag: Siyam na Buhay,5.4,5.7
Anaamika,5.5,6.0
The Midas Touch,5.0,6.0
Chhota Bheem in the Incan Adventure,7.5,6.7
Mars at Sunrise,7.8,6.2
It Takes a Man and a Woman,6.7,6.1
Gori Tere Pyaar Mein,4.9,6.4
What the Fish,5.2,6.4
A Place in the Stars,6.2,6.2
Heritages,7.3,7.2
Trailer Park Boys: Live at the North Pole,6.7,6.0
One by Two,3.9,6.2
Romantik Komedi 2: Bekarlığa Veda,5.1,5.7
Chhota Bheem the Crown of Valhalla,7.6,6.7
The Land of Cards,5.5,6.2
Gollu Aur Pappu,3.8,6.2
Bobby Jasoos,5.5,6.0
Refugiado,6.4,6.1
Chhota Bheem Aur Hanuman,7.3,6.7
That Thing Called Tadhana,7.4,6.1
Must Be... Love,6.4,5.8
She's Dating the Gangster,7.0,6.1
Swearnet Live,5.3,6.0
Himmatwala,1.7,6.5
Chhota Bheem & Krishna vs Zimbara,9.1,6.7
Theeya Velai Seiyyanum Kumaru,5.3,6.2
A Fairly Odd Summer,3.8,6.4
Deliha,4.5,5.6
Chhota Bheem Neeli Pahaadi,8.7,6.7
Four Sisters and a Wedding,7.2,6.5
D.L. Hughley: Clear,6.8,5.8
Cold Harbour,5.2,5.5
Confusion Na Wa,7.0,6.4
Flower Girl,6.0,5.7
Blind Intersections,6.6,6.3
Doctor Bello,4.8,6.1
Chhota Bheem Dus pe Dus,5.1,6.7
Sigaram Thodu,6.1,6.0
Starting Over Again,8.3,7.3
Naan Sigappu Manithan,6.5,6.3
The War Against Women,7.3,7.0
The Royal Bengal Tiger,6.8,5.9
Settai,4.5,6.1
Na Bangaaru Talli,7.2,6.0
Wyatt Cenac: Brooklyn,6.3,5.9
Mumbai Delhi Mumbai,5.7,5.7
Hunt for the Wilderpeople,7.8,6.7
Hell or High Water,7.6,6.4
Legend,6.9,6.7
Blair Witch,5.0,5.6
War Dogs,7.1,7.2
Blackhat,5.4,6.1
The Take,6.3,6.0
Nocturnal Animals,7.5,6.9
Raw,7.0,6.1
The Hateful Eight,7.8,8.0
Pan,5.7,5.7
The Gift,7.0,7.6
Wild Card,5.6,6.0
"Hail, Caesar!",6.3,6.7
Crimson Peak,6.5,5.9
Bāhubali: The Beginning,8.0,6.8
Ouija: Origin of Evil,5.3,5.8
Sinister 2,5.3,5.7
The Edge of Seventeen,7.3,6.7
London Has Fallen,5.9,6.3
A Silent Voice: The Movie,8.1,7.0
Kung Fu Panda 3,7.1,6.9
Hush,6.6,5.7
Mr. Right,6.3,5.6
The Boy,6.0,5.7
Steve Jobs,7.2,7.3
The Conjuring 2,7.3,6.5
Home,6.6,6.5
Chappie,6.8,6.4
Gantz:O,7.1,6.1
In a Valley of Violence,6.0,5.9
A Monster Calls,7.4,7.0
Christine,6.9,6.7
Loving,7.0,6.4
The Danish Girl,7.1,6.6
Under the Shadow,6.8,6.0
The DUFF,6.4,6.0
Unfriended,5.5,5.8
Closet Monster,7.0,6.4
Self/less,6.5,6.1
The Fundamentals of Caring,7.3,6.5
"Hello, My Name Is Doris",6.6,6.1
Spectral,6.3,5.7
Other People,6.8,6.3
Circle,6.0,5.5
Batman: The Killing Joke,6.4,6.8
He Never Died,6.3,5.8
American Ultra,6.1,5.8
13th,8.2,7.5
Before I Wake,6.2,5.8
Blue Jay,7.2,6.0
Advantageous,6.2,5.9
Into the Inferno,7.2,7.1
Collateral Beauty,6.7,6.3
Beasts of No Nation,7.7,7.1
ARQ,6.3,5.5
The Forest,4.8,5.7
"What Happened, Miss Simone?",7.6,7.1
The Bye Bye Man,4.3,5.8
Ip Man 3,7.0,6.7
The Space Between Us,6.4,5.9
Demonic,5.3,5.5
Winter on Fire: Ukraine's Fight for Freedom,8.3,7.1
Mascots,5.8,6.1
The Siege of Jadotville,7.2,6.5
Visaranai,8.5,6.3
By the Sea,5.3,6.2
Team Foxcatcher,7.3,7.3
The Ridiculous 6,4.8,6.1
Bo Burnham: Make Happy,8.4,6.8
The Do-Over,5.7,6.1
Suffragette,6.9,6.9
Headshot,6.3,6.0
Jem and the Holograms,4.1,5.6
Sleight,5.9,5.7
Hot Girls Wanted,6.1,7.0
The Distinguished Citizen,7.5,6.4
"Crouching Tiger, Hidden Dragon: Sword of Destiny",6.1,6.3
Mindhorn,6.3,5.9
I Am the Pretty Thing That Lives in the House,4.6,5.7
Pee-wee's Big Holiday,6.1,5.4
You're My Boss,6.3,5.9
White Girl,5.7,5.9
Frank & Lola,5.9,5.8
Barry,5.9,6.5
David Brent: Life on the Road,6.3,5.8
Güeros,7.4,6.4
Front Cover,6.4,5.9
Rocco,5.7,7.0
Ratchet & Clank,5.5,6.1
The Darkness,4.5,5.6
Marco Polo: One Hundred Eyes,7.8,6.0
Tramps,6.5,6.5
LEGO Marvel Super Heroes: Avengers Reassembled!,6.1,5.6
Marauders,5.5,5.8
Special Correspondents,5.8,6.2
Baaghi,5.3,5.6
Tallulah,6.7,6.2
Bert Kreischer: The Machine,7.6,5.9
Amanda Knox,6.9,7.0
Results,5.4,5.9
Sebastian Maniscalco: Why Would You Do That?,7.4,5.9
The Young Messiah,5.6,6.9
Term Life,5.5,5.9
For the Love of Spock,7.6,7.1
John Mulaney: The Comeback Kid,7.9,6.7
Incarnate,5.2,5.1
Message from the King,6.4,6.0
The Warriors Gate,5.4,5.6
Tig,7.4,7.0
Drishyam,8.2,6.9
Taxi Driver,6.0,6.4
The Dreamseller,6.0,6.4
Lavender,5.3,6.2
Ali Wong: Baby Cobra,7.5,5.9
Hyena Road,6.5,6.3
Septembers of Shiraz,7.9,6.2
A Very Murray Christmas,5.5,5.8
Divines,7.4,6.4
Audrie & Daisy,7.2,7.0
Always Be My Maybe,6.6,5.9
Pandora,6.6,6.2
Keith Richards: Under the Influence,7.1,6.9
"Surviving Compton: Dre, Suge and Michel'le",6.5,7.1
Colin Quinn: The New York Story,6.9,5.9
Hawaizaada,5.5,7.0
Riot,5.1,5.7
Kevin Hart: What Now?,5.9,7.1
Legends of the Hidden Temple,5.6,5.3
Veteran,7.0,5.8
Opening Night,6.0,5.8
Raman Raghav 2.0,7.4,6.4
The 101-Year-Old Man Who Skipped Out on the Bill and Disappeared,6.3,5.8
6 Years,5.6,6.0
Shaun the Sheep: The Farmer's Llamas,6.8,6.1
Un + une,6.2,6.1
Ok Kanmani,7.4,6.3
True Memoirs of an International Assassin,5.9,5.9
High & Low The Movie,6.4,6.0
Strange Weather,6.0,6.4
The Lighthouse of the Orcas,6.7,6.1
Servant Of The People 2,6.2,5.8
Heneral Luna,7.3,6.8
Ordinary World,5.5,5.9
Mohenjo Daro,5.6,6.5
Dil Dhadakne Do,7.0,6.3
Toro,5.9,5.8
Riphagen the Untouchable,7.1,6.5
Gabbar Is Back,7.1,6.4
Demetri Martin: Live (At The Time),7.4,6.8
4K Fireplace,7.7,7.4
7 Years,6.7,6.1
Talvar,8.1,6.4
Brothers,6.4,6.3
Gabriel Iglesias: I'm Sorry for What I Said When I Was Hungry,7.4,7.0
Pyaar Ka Punchnama 2,7.3,6.6
Much Loved,6.2,6.4
A Second Chance,8.6,6.9
Rebirth,4.9,5.9
Lang Tong,4.8,5.7
Manson Family Vacation,5.8,6.1
Gridlocked,5.8,6.0
Jimmy Carr: Funny Business,7.2,5.9
Aziz Ansari: Live at Madison Square Garden,6.6,5.8
The Next Skin,6.2,6.1
Chris Tucker: Live,6.3,7.0
"Dana Carvey: Straight White Male, 60",6.5,5.9
Justin Timberlake + The Tennessee Kids,7.6,6.9
Russell Peters: Almost Famous,6.6,5.9
Colin Quinn: Unconstitutional,7.1,5.8
Jim Jefferies: Freedumb,7.7,7.0
Asperger's Are Us,6.6,7.1
Tony Robbins: I Am Not Your Guru,6.6,7.2
Hunterrr,7.0,6.4
Belgica,6.7,6.5
Kapoor & Sons,7.7,6.1
Udta Punjab,7.7,6.6
Tamasha,7.3,6.3
Breaking the Bank,4.8,6.2
All About Asado,6.5,7.0
Chronically Metropolitan,4.9,6.3
Fate/Grand Order: First Order,5.7,6.4
Hannibal Buress: Comedy Camisado,6.6,6.0
Anjelah Johnson: Not Fancy,5.7,6.8
Force 2,6.2,5.8
Fitoor,5.4,6.3
Triumph in the Skies,4.3,5.9
In the Shadow of Iris,6.1,6.1
Mucize,7.6,7.2
The Ivory Game,7.9,7.1
Our Lovers,6.7,5.8
Beauty and the Bestie,4.6,6.2
Tom Segura: Mostly Stories,7.5,6.9
Dhanak,7.9,6.4
Jonah,5.4,5.5
Chocolate City: Vegas Strip,3.7,6.4
I'll Sleep When I'm Dead,6.6,7.0
Project Marathwada,6.5,6.5
ABCD 2,5.4,6.7
Ali Baba and the 7 Dwarfs,5.6,6.3
Te3n,7.3,6.5
"Chatô, The King of Brazil",5.4,6.7
The Guardian Brothers,5.4,6.6
Budhia Singh: Born to Run,7.6,6.5
Mercy,4.1,6.1
City of Joy,7.5,7.1
XOXO,5.3,6.3
Layla M.,6.6,6.3
Jessica Darling's It List,5.4,5.7
Garfunkel and Oates: Trying to be Special,7.3,5.8
Slam,6.1,6.0
The Blind Christ,5.8,6.4
Shaandaar,3.6,6.4
Rainbow Time,5.9,6.2
The Flower of Aleppo,5.4,6.3
The Worthy,5.1,5.1
You Are My Sunday,7.7,6.5
Black,4.3,5.8
The Lion Woman,6.6,6.6
7:19,5.8,6.4
Schubert in Love,5.0,6.0
Frank and Cindy,6.1,6.4
Dharam Sankat Mein,6.3,6.1
Puerto Ricans in Paris,5.3,6.0
Love O2O,6.4,6.0
Fifty,6.0,5.8
"Liar, Liar, Vampire",5.7,5.6
Patton Oswalt: Talking for Clapping,6.7,6.8
Selfie 69,6.1,5.5
Ricardo O'Farrill: Abrazo Genial,5.5,6.1
My Mother's Wound,7.3,6.6
Iliza Shlesinger: Confirmed Kills,6.6,6.0
Umrika,6.6,6.3
Journey to Greenland,6.3,6.3
Michael Che Matters,7.2,5.9
'76,5.6,6.3
Halal Love,6.3,5.9
100 Meters,7.5,6.4
Brent Morin: I'm Brent Morin,6.5,5.9
Joe Rogan: Triggered,7.4,6.8
Kyaa Kool Hain Hum 3,1.9,6.3
Olmo and the Seagull,7.2,6.5
The Beginning of Life,7.5,6.8
Offline: Are You Ready for the Next Level?,5.0,5.7
Phantom,5.9,5.6
MindGamers,3.6,5.3
David Cross: Making America Great Again,6.5,5.9
Jeff Dunham: Unhinged in Hollywood,6.7,5.8
Barcelona: A Love Untold,6.6,6.3
Sofía Niño de Rivera: Exposed,7.3,6.0
The Doll,5.2,5.5
U Turn,7.5,6.0
I Love You,4.7,6.0
Very Big Shot,6.9,6.0
The Heirs,5.7,6.2
Barakah Meets Barakah,6.3,5.7
Pettson and Findus: The Best Christmas Ever,5.5,6.4
Iliza Shlesinger: Freezing Hot,6.8,6.8
Katti Batti,4.6,6.3
Mike Epps: Don't Take It Personal,4.4,5.9
Ghost Patrol,5.1,6.1
Bangistan,4.5,6.7
Ludo,2.8,5.4
Born in Syria,7.7,6.9
Theo Von: No Offense,5.6,6.8
Ricardo O'Farrill: abrazo navideño,5.7,5.7
"Trailer Park Boys: Drunk, High and Unemployed: Live In Austin",6.5,6.0
#Rucker50,5.2,6.8
The Breakup Playlist,6.5,6.1
S Storm,5.1,5.9
HiGH&LOW: The Red Rain,6.1,6.2
The Massively Mixed-Up Middle School Mystery,7.3,5.5
Those who fear are dead,3.6,6.5
Poshter Girl,6.6,6.4
3000 Nights,7.0,6.4
Wazir,7.2,6.0
Motu Patlu: King Of Kings,6.5,6.7
The Love Affair,6.3,6.2
Everyday I Love You,7.0,6.2
Jeff Foxworthy & Larry the Cable Guy: We've Been Thinking,5.9,5.9
The CEO,5.6,6.3
Jen Kirkman: I'm Gonna Die Alone (And I Feel Fine),6.8,6.0
Reggie Watts: Spatial,6.0,5.8
Aerials,1.5,5.9
Chhota Bheem in African Safari,6.5,6.7
Meet The in-Laws,6.0,5.9
Chris D'Elia: Incorrigible,6.4,7.0
Ordinary People,7.3,6.4
Couple Of Days,6.4,6.4
Kara Bela,6.7,6.2
Vince & Kath & James,6.8,5.9
Carlos Ballarta: el amor es de putos,7.0,5.9
Sen Benim HerŞeyimsin,6.2,6.2
Saawan,7.3,6.1
A Chaster Marriage,5.4,5.5
Misunderstanding,4.3,5.6
Eddie: Strongman,7.4,7.0
Cedric the Entertainer: Live from the Ville,6.2,5.9
Wedding Association 2: Circumcision,6.3,6.3
One in a Billion,6.7,6.8
Brahman Naman,5.5,6.1
XV Beyond the Tryline,6.8,7.0
Virunga: Gorillas in Peril,6.6,6.6
Santa Banta Pvt Ltd,2.7,6.2
Jada,5.4,5.9
Grandmother's Farm Part 2,5.4,5.3
Dieter Nuhr: Nuhr in Berlin,4.7,5.8
Niyazi Gül Dörtnala,4.5,6.1
Sila Samayangalil,5.8,6.4
Love Is a Story,6.0,5.7
Husband Factor,6.2,6.2
Husband Factor: Resurrection,5.3,5.7
The Super Parental Guardians,4.4,6.2
Oloibiri,5.1,5.9
Sam Kinison: The Scream Continues,6.1,6.6
Gang of the Caribbean,5.1,5.8
Kiss of Life,5.9,6.1
Souk Bazaar,5.2,6.0
Everything About Her,7.2,6.5
Road To High & Low,6.6,6.1
The Arbitration,5.0,6.4
The Last Egg,4.8,6.0
Jandino: Whatever it Takes,4.5,6.1
Gbomo Gbomo Express,5.0,6.4
Janoskians: Untold and Untrue,3.7,6.0
Crazy Beautiful You,7.0,6.1
Snervous Tyler Oakley,5.4,7.0
Sommore: The Reign Continues,7.0,6.1
Hajwala: The Missing Engine,2.0,5.9
Just the Way You Are,6.3,6.1
Dedemin Fişi,5.5,5.8
The Unmarried Wife,5.9,6.3
My Stupid Boss,7.1,6.4
The Third Party,6.1,5.8
Ojukokoro (Greed),6.6,6.0
Lakeeran,6.3,6.5
Time Out,6.0,6.9
Leave No Trace,7.1,6.5
Blade Runner 2049,8.0,7.4
12 Strong,6.5,7.1
It,7.3,6.9
Wind River,7.7,6.7
Sorry to Bother You,6.9,6.5
Dunkirk,7.8,7.8
Vice,7.2,7.8
Phantom Thread,7.4,6.6
Molly's Game,7.4,7.1
Den of Thieves,7.0,6.5
CHiPS,6.0,6.0
The Ballad of Buster Scruggs,7.3,6.5
Darkest Hour,7.4,7.0
Won't You Be My Neighbor?,8.4,7.2
The Ritual,6.3,5.7
Okja,7.3,6.4
Final Score,5.7,6.0
Rumble: The Indians Who Rocked the World,7.7,7.1
The Nightingale,7.3,6.1
Forgotten,7.4,5.4
Backtrace,3.8,5.9
Set It Up,6.5,6.0
Crooked House,6.3,6.4
The Cloverfield Paradox,5.5,5.6
What Happened to Monday,6.8,6.2
Gerald's Game,6.5,6.0
Roma,7.7,7.0
Adrift,6.6,5.7
The Beguiled,6.8,7.3
Ghostland,6.4,5.7
The Bad Batch,5.2,5.4
Tully,7.0,6.5
The Guernsey Literary & Potato Peel Pie Society,7.3,6.8
The Foreigner,7.0,6.2
"Can't Stop, Won't Stop: A Bad Boy Story",5.3,7.0
Outlaw King,6.9,7.0
Destination Wedding,6.0,6.1
Bird Box,6.6,6.5
The Babysitter,6.4,5.8
The Package,5.5,6.2
Replicas,5.5,6.1
Cam,5.9,5.8
Level 16,6.0,5.9
Abducted in Plain Sight,6.8,7.1
The Meyerowitz Stories (New and Selected),6.9,6.6
I Don't Feel at Home in This World Anymore,6.9,6.1
Step Sisters,5.4,6.1
The Shack,6.2,6.7
Calibre,6.8,6.2
Apostle,6.3,6.1
Beirut,6.4,6.1
To All the Boys I've Loved Before,7.1,6.3
Mirai,7.0,6.8
Bāhubali 2: The Conclusion,8.2,6.8
Berlin Syndrome,6.2,6.0
Icarus,7.9,7.1
The Kindergarten Teacher,6.7,6.2
1922,6.2,6.8
Veronica,6.2,5.9
Little Italy,5.7,5.9
Hold the Dark,5.6,5.7
Mute,5.4,6.3
The Perfection,6.1,5.7
Red Joan,6.4,6.2
Bright,6.3,6.1
Kodachrome,6.8,6.3
The Discovery,6.2,5.7
Extinction,5.8,5.9
The Book of Henry,6.5,6.3
Creep 2,6.4,5.7
Speed Kills,4.2,6.0
Black Mirror: Bandersnatch,7.1,6.3
The Night Comes for Us,6.9,5.9
Cargo,6.3,5.7
When We First Met,6.4,5.9
Mudbound,7.4,7.0
Anon,6.1,5.8
"Jim & Andy: The Great Beyond - Featuring a Very Special, Contractually Obligated Mention of Tony Clifton",7.6,7.1
A-X-L,5.3,5.5
Hell Fest,5.5,5.5
Malevolent,4.8,5.4
Happy as Lazzaro,7.5,6.6
Everybody Knows,6.9,6.5
22 July,6.8,6.8
Falls Around Her,6.3,6.1
Sand Castle,6.3,6.5
Buster's Mal Heart,6.2,6.2
On Body and Soul,7.5,6.2
Ben Is Back,6.7,6.4
Private Life,7.2,6.6
Mirage,7.4,6.2
Ravenous,5.8,5.3
RBG,7.6,7.0
An Evening with Beverly Luff Linn,5.8,6.2
Mary Magdalene,5.9,6.9
Dumplin',6.5,6.6
Tau,5.8,5.4
Skins,6.1,6.2
Duck Butter,5.2,6.0
The Zookeeper's Wife,7.0,7.3
"Game Over, Man!",5.4,6.0
Steve Martin and Martin Short: An Evening You Will Forget for the Rest of Your Life,7.1,5.9
Victoria & Abdul,6.8,6.9
Hampstead,6.0,6.1
Hannah Gadsby: Nanette,8.1,6.9
War Machine,6.0,6.9
Bad Genius,7.6,6.5
The Kissing Booth,5.9,6.0
The Forgiven,5.9,6.1
King of Thieves,5.5,6.8
The Titan,4.8,5.8
Security,5.7,5.5
Mowgli: Legend of the Jungle,6.5,6.4
A Futile and Stupid Gesture,6.7,6.1
How It Ends,5.0,5.9
Death Note,4.5,5.7
The After Party,5.7,5.6
Perfect Bid: The Contestant Who Knew Too Much,6.5,7.2
The Other Side of the Wind,6.7,6.5
To the Bone,6.8,6.6
Goon: Last of the Enforcers,5.8,6.2
We the Animals,6.9,6.4
Reversing Roe,7.5,7.1
Beyond Skyline,5.3,5.2
The Bar,6.3,5.5
Errementari: The Blacksmith and the Devil,6.4,5.7
Illang: The Wolf Brigade,5.9,6.1
Shirkers,7.4,7.0
A Bad Moms Christmas,5.6,6.3
Welcome Home,5.2,5.8
Piercing,5.5,5.4
The Outsider,6.2,6.2
Indian Horse,7.2,6.5
Andhadhun,8.2,6.6
Unicorn Store,5.5,6.4
My Happy Family,7.4,6.5
Newness,6.3,6.2
Monster High: Electrified,5.3,6.4
No Escape Room,5.0,5.4
If I Leave Here Tomorrow: A Film About Lynyrd Skynyrd,7.9,7.0
The Week Of,5.2,6.4
iBoy,6.0,5.4
May the Devil Take You,5.9,5.6
The Breaker Upperers,5.9,6.0
What the Health,7.4,7.1
The Long Dumb Road,6.1,6.1
Long Shot,7.4,6.7
Dude,5.2,6.3
The Debt Collector,5.8,5.8
Handsome Devil,7.0,6.3
Win It All,6.2,6.1
Tottaa Pataaka Item Maal,7.6,6.5
Trolls Holiday,6.1,5.7
Joan Didion: The Center Will Not Hold,7.4,7.0
The Incredible Jessica James,6.5,5.7
Siberia,4.3,5.6
The Resistance Banker,6.9,6.8
John Mulaney: Kid Gorgeous at Radio City,7.9,6.0
The Saint,4.9,5.9
In Darkness,5.7,6.0
Sierra Burgess Is a Loser,5.8,6.2
Sad Hill Unearthed,7.4,6.9
Ibiza,5.2,5.8
Shimmer Lake,6.3,5.4
Hey Arnold! The Jungle Movie,7.5,6.3
Fullmetal Alchemist,5.2,6.0
Animal World,6.4,5.9
Wheelman,6.4,5.7
Cristela Alonzo: Lower Classy,6.4,5.9
Brain on Fire,6.6,6.4
Bleach,6.4,6.0
You Get Me,4.7,5.8
"My Teacher, My Obsession",4.4,6.2
Voyeur,6.1,7.4
Bathtubs Over Broadway,7.6,7.0
Psychokinesis,5.9,5.9
Adam Sandler: 100% Fresh,7.5,6.0
Girl,7.1,6.5
The Polka King,5.9,6.3
Blame!,6.6,6.5
First They Killed My Father,7.2,7.3
MFKZ,6.7,6.2
Show Dogs,3.8,5.7
Girlfriend's Day,5.2,6.2
The Resurrection of Gavin Stone,6.2,5.6
One of Us,7.0,7.1
Taylor Swift: Reputation Stadium Tour,8.3,7.3
Godzilla: Planet of the Monsters,6.0,6.5
Like Father,6.1,6.5
Fireworks,5.6,7.3
Godzilla: The Planet Eater,5.0,5.9
Amar,5.1,6.0
Birth of the Dragon,5.6,6.2
Outside In,6.7,6.5
Lu Over the Wall,6.8,6.4
Irreplaceable You,6.4,6.0
Sandy Wexler,5.2,6.4
Alex Strangelove,6.3,6.1
Gaga: Five Foot Two,7.0,7.1
Get Me Roger Stone,7.3,7.4
River's Edge,6.2,6.5
Animal Crackers,5.8,6.3
Mr. Roosevelt,6.2,6.1
Clive Davis: The Soundtrack of Our Lives,7.4,7.3
Ricky Gervais: Humanity,8.0,6.1
Lady J,6.8,6.1
The Christmas Chronicles,7.0,5.9
The Photographer of Mauthausen,6.7,6.8
Bill Nye: Science Guy,6.5,7.0
Quincy,7.6,7.2
Cuba and the Cameraman,8.2,7.2
The World Is Yours,6.3,6.1
Toc Toc,6.8,5.7
Acts of Vengeance,5.7,5.8
Carrie Pilby,6.6,6.4
The Clapper,5.1,6.4
Fun Mom Dinner,5.3,6.1
The Land of Steady Habits,6.2,6.4
Okko's Inn,7.0,6.8
Our Souls at Night,6.9,6.1
BuyBust,5.7,6.1
Escape from Mr. Lemoncello's Library,5.3,5.7
I Am Jonas,7.0,5.9
MILF,4.8,6.0
Springsteen On Broadway,8.5,7.4
Solo,5.0,5.8
Bullet Head,5.4,6.2
Small Crimes,5.8,6.1
Unrest,7.6,7.2
"Take the Ball, Pass the Ball",7.9,7.0
Reprisal,4.2,5.9
The Princess Switch,6.0,5.7
High Society,5.5,6.5
The Ottoman Lieutenant,6.4,6.5
Whose Streets?,5.5,7.1
The Open House,3.3,5.5
Trevor Noah: Son of Patricia,7.3,5.9
Little Evil,5.6,5.7
Christmas with a Prince,5.2,5.9
"Norm Macdonald: Hitler's Dog, Gossip & Trickery",7.4,6.8
Bending the Arc,8.0,7.1
Day of the Dead: Bloodline,3.4,5.2
Retablo,7.5,6.3
John Leguizamo's Latin History for Morons,7.3,6.9
Orbiter 9,5.9,5.8
White Fang,6.9,6.6
Sand Storm,6.8,6.3
Generation Iron 3,6.2,6.9
Jo Koy: Live from Seattle,7.2,5.9
"Oh, Hello on Broadway",7.7,6.1
Camarón: The Film,7.5,7.1
The Outcasts,5.4,6.2
Gnome Alone,5.6,6.2
How to Be Really Bad,6.2,5.4
The Angel,6.6,6.0
Father of the Year,5.2,6.1
The B-Side: Elsa Dorfman's Portrait Photography,6.7,7.0
Demetri Martin: The Overthinker,7.2,5.8
The Death and Life of Marsha P. Johnson,7.2,7.0
Happy Anniversary,5.7,5.6
Dry Martina,5.8,6.3
El Camino Christmas,5.7,6.2
The Legacy of a Whitetail Deer Hunter,5.5,6.3
Clinical,5.1,5.5
Godzilla: City on the Edge of Battle,5.8,6.6
My Masterpiece,7.1,6.4
Ronnie Coleman: The King,7.0,7.0
Hasan Minhaj: Homecoming King,8.2,6.9
The Climb,6.9,5.7
Secret Superstar,7.8,6.7
A Twelve-Year Night,7.5,6.8
Dear Ex,7.3,6.0
Manhunt,5.2,5.7
Flavors of Youth,6.6,6.7
Burn Out,6.2,5.6
Modest Heroes,6.6,6.3
Iliza Shlesinger: Elder Millennial,7.2,5.9
The Seven Deadly Sins: Prisoners of the Sky,7.1,6.7
The Battleship Island,7.1,6.7
Sanju,7.7,6.9
Point Blank,5.7,5.9
"Ron White: If You Quit Listening, I'll Shut Up",6.5,5.9
Craig Ferguson: Tickle Fight,6.6,5.9
Sarkar,7.0,6.6
Casting JonBenet,6.1,7.2
They'll Love Me When I'm Dead,7.4,7.1
Strong Island,6.4,7.1
Come Sunday,6.0,6.5
The Most Hated Woman in America,6.1,6.7
Lommbock,6.7,6.0
Wedding Unplanned,5.7,5.9
Spyder,6.3,6.0
The Killer,6.0,5.3
Lust Stories,6.4,6.3
The Most Unknown,6.5,6.9
The Motive,6.5,6.1
Mercury 13,6.9,7.0
Eerie,4.6,5.7
Tig Notaro: Happy To Be Here,6.6,5.8
Benji,6.3,6.0
The Little Vampire 3D,5.4,6.0
Time Share,5.9,5.7
Rip Tide,5.4,5.5
Holy Camp!,6.2,5.8
Alaska Is a Drag,6.5,6.2
Parmanu: The Story of Pokhran,7.6,6.7
Zero,5.2,6.1
Amateur,5.9,5.9
Pottersville,5.4,6.0
A Christmas Prince: The Royal Wedding,5.3,5.9
The Bleeding Edge,7.6,7.1
Lowriders,5.6,6.2
Derren Brown: The Push,7.5,7.9
The Warning,5.9,5.4
NY Prison Break: The Seduction of Joyce Mitchell,5.5,6.4
S.W.A.T.: Under Siege,4.5,5.6
6 Balloons,5.9,6.2
Chasing Coral,8.1,7.0
Next Gen,6.6,6.2
First Match,6.4,6.4
Sunday's Illness,6.9,6.5
I Am Not an Easy Man,6.3,6.1
Justice,4.0,6.0
Seth Rogen's Hilarity for Charity,5.0,6.8
Charming,5.6,6.2
Christmas Wedding Planner,4.3,5.6
Budapest,5.4,6.1
All I Wish,5.2,6.0
Angamaly Diaries,7.9,6.1
ReMastered: Tricky Dick & The Man in Black,7.1,6.8
Fred Armisen: Standup for Drummers,5.8,5.9
Thi Mai,6.0,5.8
Battle,5.9,6.0
Holy Goalie,5.3,6.0
Saving Capitalism,6.8,6.9
Bibi & Tina: Perfect Pandemonium,4.0,5.7
Mom,7.2,6.5
Christmas Inheritance,5.7,6.1
An Imperfect Murder,3.2,6.0
LEGO Marvel Super Heroes: Guardians of the Galaxy - The Thanos Threat,5.8,5.7
Killing Hasselhoff,4.4,6.0
Shepherds and Butchers,6.8,6.5
The Skin of the Wolf,5.8,5.5
The Holiday Calendar,5.7,5.7
Deidra & Laney Rob a Train,6.0,6.3
Sahara,5.5,6.1
Take Your Pills,6.3,7.0
And Breathe Normally,6.9,6.3
Naked,5.4,5.8
The Invisible Guardian,6.4,6.0
Jim Jefferies: This Is Me Now,7.3,5.9
Cities of Last Things,6.2,6.2
Si saben cómo me pongo ¿Pa' qué me invitan?,4.5,6.0
It's for Your Own Good,5.5,6.0
The Laws of Thermodynamics,6.0,6.1
Handsome: A Netflix Mystery Movie,5.2,6.9
Hometown Holiday,5.0,5.9
Jailbreak,5.4,5.8
"Roxanne, Roxanne",6.2,6.3
Quién te cantará,6.9,6.3
Something Huge,4.4,5.9
Lucid Dream,6.1,5.7
Carbone,6.5,5.9
Bhavesh Joshi Superhero,7.6,6.5
Nothing to Hide,6.8,6.3
The Awakening of Motti Wolkenbruch,6.6,6.2
Bill Burr: Walk Your Way Out,7.2,6.9
The Legend of Cocaine Island,6.3,7.0
Birdshot,6.6,6.3
Steel Rain,7.1,6.2
Christmas with a View,5.1,5.7
Greg Davies: You Magnificent Beast,7.1,5.9
Catfight,5.9,6.1
Paradise Lost,6.9,7.4
Ali's Wedding,6.9,6.1
Toilet: A Love Story,7.2,6.4
When Angels Sleep,5.5,5.4
The Stolen,5.3,5.8
Perú: Tesoro Escondido,6.1,6.8
Break,5.7,6.2
Black Is Beltza,5.8,6.9
Edge of Fear,4.4,5.7
Ryan Hamilton: Happy Face,7.3,6.8
Bad Seeds,7.3,6.0
Shéhérazade,7.0,5.8
The Mansion,4.6,5.7
Yucatán,5.5,5.8
Mike Birbiglia: Thank God for Jokes,7.5,5.9
Us and Them,7.3,6.2
Pad Man,7.9,6.8
On My Skin,7.3,6.3
Sun Dogs,6.2,6.3
Derren Brown: Miracle,6.5,6.9
Manto,7.3,6.8
Little Boxes,5.9,6.2
Raising the Bar,5.5,6.9
Bomb Scared,5.6,6.0
Baazaar,6.5,6.5
Ittefaq,7.2,5.9
Giant,6.6,6.8
Chris Rock: Tamborine,6.6,6.8
Take Me,6.1,5.8
Ee Nagaraniki Emaindi,7.9,6.5
Patton Oswalt: Annihilation,7.2,6.8
LEGO Marvel Super Heroes: Black Panther - Trouble in Wakanda,5.6,5.9
Rory Scovel Tries Stand-Up for the First Time,6.7,6.8
Revenger,5.7,5.7
Coin Heist,4.7,5.5
Joy,6.6,6.3
Hakkunde,6.4,6.3
Jagga Jasoos,6.3,5.8
Getaway Plan,5.6,5.9
The Drug King,6.2,6.4
Jab Harry Met Sejal,5.0,6.7
Katt Williams: Great America,6.2,5.9
Derren Brown: Sacrifice,7.1,7.7
Struggle: The Life and Lost Art of Szukalski,7.9,7.0
Sky Ladder: The Art of Cai Guo-Qiang,7.3,6.9
The Fortress,6.8,6.7
Qarib Qarib Singlle,7.1,6.2
Disconnect,5.3,5.6
Feminists: What Were They Thinking?,6.9,7.0
Duck Duck Goose,5.7,6.2
A Christmas Prince,5.7,5.4
Azali,5.7,6.3
Aiyaary,5.2,6.3
SPF-18,3.2,6.0
Hari Kondabolu: Warn Your Relatives,6.5,5.9
Seeing Allred,7.2,7.0
Resurface,7.1,6.8
The Tribe,5.8,5.7
The Plagues of Breslau,5.9,5.5
Sudani from Nigeria,8.2,6.5
Pope Francis: A Man of His Word,6.4,6.9
Candy Jar,5.8,6.1
Neal Brennan: 3 Mics,7.9,6.8
"To Each, Her Own",5.4,6.3
Kuroko's Basketball the Movie: Last Game,7.7,7.1
Rock my Heart,6.5,5.8
Mersal,7.5,6.2
Jerry Before Seinfeld,7.0,6.8
The Last Shaman,6.6,6.9
All Good,6.5,6.2
Bareilly Ki Barfi,7.5,6.0
Expedition Happiness,5.9,7.0
Dany Boon: Des Hauts-De-France,6.2,6.1
Baadshaho,4.9,5.9
C/o Kancharapalem,8.9,6.7
Jack Whitehall: At Large,6.8,5.9
The Rachel Divide,6.3,7.1
Trevor Noah: Afraid of the Dark,7.2,6.0
The Tree of Blood,6.3,6.5
Nothing to Lose,2.3,6.6
Spivak,5.6,6.0
"Love, Surreal and Odd",5.6,5.8
Jefe,5.4,5.9
Christmas in the Heartland,5.8,5.8
Sir,7.7,6.0
Jim Gaffigan: Cinco,7.1,6.0
Half Girlfriend,4.5,6.3
Ex-Shaman,7.1,6.9
The American Meme,6.7,7.0
The Art of Loving: Story of Michalina Wislocka,7.1,6.1
Dovlatov,6.4,6.6
El testigo,8.1,6.9
Weed the People,7.3,7.1
Maktub,7.3,6.4
Love per Square Foot,7.2,6.0
Perdida,5.6,6.3
The Girl from the Song,5.6,6.0
Going for Gold,4.7,6.1
Mubarakan,5.6,6.5
Qismat,8.1,6.3
Sara's Notebook,5.9,6.2
Ali Wong: Hard Knock Wife,7.3,5.9
Tom Segura: Disgraceful,7.5,7.0
Paskal,6.8,6.5
The Grown-Ups,7.7,6.9
Been So Long,5.4,6.0
Soorma,7.3,6.7
The Mars Generation,6.5,7.1
Kalushi : The Story of Solomon Mahlangu,6.5,6.2
The Maus,4.7,5.8
Family Blood,4.2,5.6
Pihu,6.7,5.8
Superlopez,5.4,5.7
Judd Apatow: The Return,6.2,5.9
Armed to the Teeth,7.9,6.9
Sarah Silverman: A Speck of Dust,6.9,6.9
Pa Paandi,7.4,5.6
Nobody Speak: Trials of the Free Press,6.4,7.0
Aapla Manus,7.0,6.4
Dismissal,5.0,6.0
Christmas Catch,5.3,5.6
F.R.E.D.I.,4.9,5.6
Love Beats Rhymes,5.3,6.5
Naam Shabana,6.2,6.2
Brian Regan: Nunchucks and Flamethrowers,6.3,6.8
#realityhigh,5.1,6.0
DeRay Davis: How to Act Black,6.1,5.8
Def Comedy Jam 25,6.6,6.9
The Gift,8.0,6.2
Paranormal Investigation,3.7,5.4
The Suit,5.3,6.1
Amy Schumer: The Leather Special,3.1,5.9
Bon Cop Bad Cop 2,6.6,6.0
A Very Country Christmas,6.0,5.6
Close Enemies,6.4,6.1
A Fortunate Man,7.2,6.3
Pup Star: Better 2Gether,4.3,5.7
The 3rd Eye,5.1,6.5
Barbra: The Music ... The Mem'ries ... The Magic!,7.5,7.1
Unbridled,5.0,5.8
Sabrina,4.1,5.5
Maz Jobrani: Immigrant,6.7,6.8
48 Christmas Wishes,3.9,5.6
How to Get Over a Breakup,6.1,6.1
Pachamama,6.8,6.4
Katherine Ryan: In Trouble,7.0,5.9
Ascharya Fuck It,5.1,5.8
Dear Son,6.5,6.4
Sofía Niño de Rivera: Natural Selection,6.9,5.9
Nappily Ever After,6.4,6.1
Judwaa 2,3.6,5.9
Christina P: Mother Inferior,6.4,5.8
Forgive Us Our Debts,6.2,6.4
Milada,6.3,6.8
Right Here Right Now,5.4,6.1
Mustang Island,6.2,6.3
Cycle,8.1,7.2
Paradox,3.9,5.9
Sparring,6.4,6.0
The Chase,6.6,6.3
Invisible,6.0,6.3
Tiffany Haddish: She Ready! From the Hood to Hollywood!,6.7,6.8
Goyo: The Boy General,6.7,6.7
5 Star Christmas,4.5,6.0
Ani... Dr. Kashinath Ghanekar,8.4,6.8
Suzzanna: Buried Alive,5.5,5.9
Stree,7.5,5.9
A Champion Heart,5.9,5.8
Burning Sands,6.0,6.0
Judah Friedlander: America Is the Greatest Country in the United States,7.8,7.0
Take the 10,4.7,6.0
Aurora,4.3,5.5
The Bros,6.1,6.1
Jim Norton: Mouthful of Shame,7.0,5.9
Merku Thodarchi Malai,8.6,6.5
Clair Obscur,6.5,6.3
Blanche Gardin: I Talk to Myself,7.9,6.0
Being Napoleon,5.5,6.9
The Milk System,7.0,6.9
The Price of Success,5.7,6.3
Kuntilanak,4.6,5.4
Dhh,7.8,6.3
Malena Pichot: Estupidez compleja,5.7,5.8
The Girl Allergic to Wi-Fi,6.2,5.8
Mauli,5.5,6.3
Samouni Road,6.7,7.9
Chief Daddy,4.7,6.3
CIA: Comrade In America,6.4,6.0
Bayonet,5.7,6.4
In the Family,7.7,6.3
Bert Kreischer: Secret Time,7.3,6.7
Gad Gone Wild,6.9,5.8
Counterpunch,6.7,7.0
El Potro: lo mejor del amor,5.2,6.5
Rajma Chawal,5.7,6.3
Russell Howard: Recalibrate,7.4,5.9
Deranged,3.2,5.9
Marlon Wayans: Woke-ish,6.5,6.8
Monster Island,4.7,6.1
Liberated: The New Sexual Revolution,6.0,7.0
Your Son,6.1,5.9
Kingdom of Us,6.9,7.4
Njan Prakashan,7.6,6.6
Target,4.0,5.4
Maria Bamford: Old Baby,6.1,6.8
Gad Elmaleh: American Dream,7.2,5.8
Rodney King,5.8,7.2
Alter Ego,5.7,6.5
Te Ata,7.4,6.6
The Last Hour,6.3,6.6
Loudon Wainwright III: Surviving Twin,7.1,7.0
"Michael Bolton's Big, Sexy Valentine's Day Special",6.8,5.4
A Sort of Family,6.3,6.0
In Line,6.1,6.5
All the Reasons to Forget,6.2,5.9
Laerte-se,7.0,7.0
Awe!,7.7,5.3
ReMastered: Who Shot the Sheriff,6.9,7.1
Good Game: The Beginning,4.4,6.5
Tattoo of Revenge,4.9,6.0
Love Jacked,5.8,5.8
The Bridge,5.6,6.1
The Last Runaway,5.9,6.2
Turkish Dance School,5.6,6.5
Bigger Than Africa,7.0,6.9
Lionheart,5.6,6.3
Russell Brand: Re:Birth,6.5,5.9
El club de los buenos infieles,5.5,5.9
Jeff Dunham: Relative Disaster,6.4,5.9
The Most Assassinated Woman in the World,5.3,6.1
Semesta,7.3,7.0
Stars in the Sky: A Hunting Story,7.2,6.9
Cook Off,6.0,5.8
Kevin James: Never Don't Give Up,6.2,5.8
Heaven Without People,7.6,6.3
My Birthday Song,5.6,5.8
Taramani,7.5,6.4
Love.com,5.8,5.7
Born Racer,6.1,7.0
Manu,7.6,6.1
Exes Baggage,6.4,6.1
Teefa in Trouble,7.0,6.2
Up Among the Stars,6.2,6.2
Food on the Go,6.3,6.8
Nigerian Prince,5.7,6.2
Isoken,6.4,5.9
The Lost Brother,6.5,6.2
Weapon of Choice,4.8,6.9
Lucas Brothers: On Drugs,5.7,5.8
A StoryBots Christmas,5.8,6.1
The Doll 2,5.1,5.6
Free Rein: The Twelve Neighs of Christmas,6.6,5.8
Fishtronaut: The Movie,7.5,6.3
Freej Al Taibeen,5.8,6.2
For Here or to Go?,6.7,6.4
Ayotzinapa: The Turtle's Pace,7.4,7.0
Rodney Carrington: Here Comes the Truth,4.5,6.8
Coffee for All,5.6,6.8
No One Will Ever Know,6.2,6.4
Listen,6.6,6.1
Can't Help Falling in Love,6.9,6.2
Marc Maron: Too Real,7.2,5.9
Mission Kathmandu: The Adventures of Nelly & Simon,5.1,6.8
Joe Rogan: Strange Times,7.3,5.9
Lynne Koplitz: Hormonal Beast,6.3,5.8
Vir Das: Abroad Understanding,6.9,5.9
The Insomnia Club,6.2,6.4
Pickpockets,5.4,6.2
Munafik 2,5.5,5.7
W. Kamau Bell: Private School Negro,6.4,5.9
Poster Boys,5.4,6.4
The Lost Café,7.0,6.2
The Hows of Us,6.7,6.2
Two Catalonias,6.4,7.4
Marriage Palace,6.2,6.1
Out of Thin Air,6.3,7.0
Bygones Be Bygones,6.2,6.2
Finally Found Someone,5.7,5.9
Chris D'Elia: Man on Fire,6.5,6.8
The Reservoir Game,6.0,7.1
Pacíficum,6.5,6.9
Aruna & Her Palate,7.2,6.1
Rafinha Bastos: Ultimatum,6.5,5.9
Meghnadbodh Rohoshyo,6.3,6.1
Mahi NRI,6.0,6.6
Solo el amor,4.8,6.0
Seeking a Man,6.3,6.0
El Diesel,4.5,5.7
Franco Escamilla: Por La Anécdota,6.9,5.9
Fantastica,3.6,6.2
Smaller and Smaller Circles,6.7,6.0
"El Especial de Alex Fernández, el Especial",6.7,5.8
Vir Das: Losing It,7.0,6.0
Vanjagar Ulagam,6.1,6.4
Penalty Kick,3.7,6.1
Pulang,6.7,5.9
Brad Paisley's Comedy Rodeo,5.7,5.9
Garbage,3.7,6.2
Tracy Morgan: Staying Alive,6.3,5.9
Gurgaon,6.5,5.9
Todo lo que sería Lucas Lauriente,6.7,5.9
#FriendButMarried,6.8,6.1
Gun City,6.3,6.1
Todd Barry: Spicy Honey,6.8,5.9
My Travel Buddy,6.1,6.3
Mo Amer: The Vagabond,7.3,6.8
Puppy Star Christmas,3.6,5.7
Noblemen,5.6,6.4
Back to Q82,6.1,5.7
Ladies First,3.9,6.3
Voulez-vous rire avec moi ce soir?,6.8,7.0
Recovery Boys,6.7,7.0
King of Boys,5.8,6.9
Late Life: The Chien-Ming Wang Story,7.1,7.0
What Did I Mess,7.1,5.9
"Edmilson Filho: Notas, Comedy about Relationships",4.9,6.0
Seven Sundays,7.6,6.6
Pandigai,6.3,5.7
Brij Mohan Amar Rahe!,6.9,6.4
Pahuna: The Little Visitors,7.5,6.7
Adhugo,5.9,6.5
Luciano Mellera: Infantiloide,7.5,6.2
Coco y Raulito: Carrusel de ternura,6.6,5.9
Jindua,6.3,5.8
A Witches' Ball,5.1,5.7
HiGH&LOW The Movie 3: Final Mission,7.1,6.2
Eve's Apple,5.8,6.9
Ana e Vitória,6.4,5.9
Frat Star,3.6,6.3
King of Peking,6.4,6.3
Secrets in the Hot Spring,6.0,5.7
Jonaki,6.8,6.3
Into the Wind,4.1,6.2
Agustín Aristarán: Soy Rada,6.2,5.9
Joshua: Teenager vs. Superpower,7.3,6.9
Aditi Mittal: Things They Wouldn't Let Me Say,4.3,5.9
Fary Is the New Black,5.8,5.9
Hadithi za Kumekucha: Fatuma,7.7,6.2
DTC –Yukemuri Junjo Hen– from HiGH&LOW,7.0,6.4
Alejandro Riaño: Especial de stand up,4.9,5.9
My Ex & Whys,6.0,6.2
Night of Knots,5.4,6.1
Hedefim Sensin,6.2,6.2
Catching Feelings,5.8,6.1
Sei,4.2,5.8
Pup Star: World Tour,3.8,5.7
A Man for The Weekend,4.5,5.7
For the Broken Hearted,6.7,6.4
ReMastered: Who Killed Jam Master Jay?,6.5,6.8
HiGH&LOW The Movie 2: End of Sky,7.1,6.0
Thug Life,5.7,6.6
Doob,6.1,6.4
Three Words to Forever,6.8,5.8
Table Manners,5.1,6.4
First Love,5.9,6.1
Super Monsters Save Halloween,5.4,6.2
Love You to the Stars and Back,7.4,6.1
Na stojáka v kině,5.0,6.1
Music Teacher,6.2,6.0
Daniel Sosa: Sosafado,5.4,6.0
B. A. Pass 2,2.2,6.6
DreamWorks Home: For the Holidays,4.8,6.2
The Royal Hibiscus Hotel,5.4,5.7
Pinky Memsaab,6.3,6.3
Crossroads: One Two Jaga,6.5,6.3
Project Papa,6.3,6.4
Alan Saldaña: mi vida de pobre,6.3,5.8
Mama's Boy,6.1,6.1
Natalia Valdebenito: El especial,5.0,6.0
Dilan 1990,7.0,6.1
Love and Shukla,7.3,6.2
Mau Nieto: viviendo sobrio… desde el bar,6.7,5.8
Mrs. Miracle Animals: An Squirrel's Princess Bride,4.7,6.2
Alexis de Anda: Mea Culpa,4.9,5.8
My Travel Buddy 2,5.8,6.0
Ghost Hunting,7.1,7.0
Lara and the Beat,5.8,6.3
Carlos Ballarta: furia ñera,7.2,5.9
Marco Luque - We are together,4.3,5.9
Felipe Neto: My Life Makes No Sense,4.4,7.0
Blessed Benefit,6.6,6.2
Salam - The First ****** Nobel Laureate,7.8,6.7
Catch.er,4.5,6.3
Ricardo Quevedo: Hay gente así,6.3,5.8
Shubh Aarambh,6.7,6.2
Mr. Chandramouli,5.1,5.9
Posesif,7.4,6.1
Until Midnight,6.9,6.1
"I, Potro",6.2,5.8
Fakkah Fuzz: Almost Banned,4.2,5.9
Arango y Sanint: Ríase el show,4.0,5.9
Jani Dueñas: Grandes fracasos de ayer y hoy,4.8,6.0
Kartini: Princess of Java,7.6,6.5
Adel Karam: Live from Beirut,5.3,5.9
Ayana,7.1,7.5
Nathicharami,7.1,6.5
Next Enti?,4.5,6.4
Hantu Kak Limah,5.6,5.7
Todd Glass: Act Happy,5.1,5.9
Fernando Sanjiao: Hombre,6.3,5.9
Yoo Byung Jae: Too Much Information,5.3,5.9
Mawlana,6.9,6.3
Elf Pets: Santa's St. Bernards Save Christmas,5.3,6.1
Potato Potahto,4.1,6.1
Harith Iskander: I Told You So,4.6,5.9
Zoé: Panoramas,6.8,6.9
La Leyenda del Diamante,3.3,4.8
Santo cachón,4.7,6.0
Bahasha,7.0,6.3
Enissa Amani: Ehrenwort,5.5,5.7
Puriyaatha Puthir,6.5,6.2
Simplemente Manu NNa,5.4,5.9
Babamın Ceketi,4.9,6.0
Silence Is Welcome,5.1,6.3
Grillo vs Grillo,5.3,6.0
Neevevaro,6.9,5.7
Sebastián Marcelo Wainraich,6.4,5.8
Baby Mamas,6.6,6.3
Fan of Amoory,6.0,6.4
Satria Heroes: Revenge of the Darkness,4.4,5.9
Hajwala 2: Mysterious Mission,3.9,6.0
Rise: Ini Kalilah,5.1,6.4
Echcharikkai,6.3,6.0
Verses of Love 2,5.5,6.2
Kavin Jay : Everybody Calm Down!,5.9,6.7
Unexpectedly Yours,6.7,5.9
Lilli,5.7,5.8
Match,4.1,5.8
Komola Rocket,7.4,6.4
D.L. Hughley: Contrarian,6.5,5.8
Panoptic,6.3,6.9
Joe Mande's Award-Winning Comedy Special,6.1,6.8
Deliha 2,4.7,6.1
Fabrizio Copano: solo pienso en mí,5.0,5.8
Jen Kirkman: Just Keep Livin'?,6.8,5.9
Wedy Atkalam,5.7,6.2
Si Doel the Movie,6.8,5.6
The Gentlemen,7.8,6.7
A Call to Spy,6.6,7.0
The Rental,5.7,5.5
I'm Thinking of Ending Things,6.6,6.4
The Irishman,7.8,8.1
Extraction,6.7,6.2
My Octopus Teacher,8.1,6.8
Synchronic,6.2,5.7
"Yes, God, Yes",6.1,6.0
The Platform,7.0,5.6
Enola Holmes,6.6,6.5
The Old Guard,6.6,6.0
His House,6.5,5.5
Marriage Story,7.9,7.0
Scary Stories to Tell in the Dark,6.2,5.8
The Devil All the Time,7.1,6.1
Lunana: A Yak in the Classroom,7.4,6.2
Fantastic Fungi,7.4,7.0
The King,7.2,7.2
Rambo: Last Blood,6.1,6.1
1BR,5.8,5.7
Trading Paint,4.4,5.8
Sweetheart,5.8,5.5
Summerland,7.0,6.0
Official Secrets,7.3,6.6
Pieces of a Woman,7.0,6.5
Freaks,6.7,6.1
21 Bridges,6.6,6.1
6 Underground,6.1,6.2
Mank,6.8,6.5
I Care a Lot,6.3,6.3
El Camino: A Breaking Bad Movie,7.3,6.6
Always Be My Maybe,6.8,6.0
The Social Dilemma,7.6,7.3
Straight Up,6.8,5.7
The Outpost,6.8,6.6
Disappearance at Clifton Hill,5.4,5.9
Triple Frontier,6.4,6.4
Eurovision Song Contest: The Story of Fire Saga,6.5,6.2
The Wandering Earth,5.9,6.0
The Forgotten Battle,7.1,7.7
After We Collided,5.0,6.0
In the Shadow of the Moon,6.2,6.0
Code 8,6.1,5.8
Fractured,6.4,6.1
365 Days,3.3,6.0
I Am Mother,6.7,5.9
Ava,5.4,5.8
The Trial of the Chicago 7,7.7,6.8
The Dirt,6.9,6.6
Can You Keep a Secret?,5.3,5.8
Murder Mystery,6.0,5.8
Da 5 Bloods,6.5,6.9
The Midnight Sky,5.6,6.1
Wine Country,5.4,6.5
The Wrong Missy,5.7,5.6
Five Feet Apart,7.2,6.3
Brahms: The Boy II,4.7,5.5
After,5.2,6.2
Someone Great,6.1,5.8
Last Breath,7.7,6.9
The Two Popes,7.6,7.2
Rebecca,6.0,5.9
The Wind,5.5,5.3
Bad Trip,6.5,6.8
The Half of It,6.9,5.9
Dolemite Is My Name,7.2,7.0
The Prom,5.9,6.1
Ophelia,6.6,6.6
Ma Rainey's Black Bottom,6.9,6.2
The Call,7.1,5.4
Hillbilly Elegy,6.7,6.4
Paradise Hills,5.3,5.7
The Highwaymen,6.9,6.6
Fast Color,6.0,6.1
Occupation: Rainfall,5.2,5.7
"Extremely Wicked, Shockingly Evil and Vile",6.7,6.5
We Summon the Darkness,5.2,5.2
The Paper Tigers,6.3,5.7
Between Two Ferns: The Movie,6.1,6.0
The Game Changers,7.8,7.0
Dick Johnson Is Dead,7.4,7.1
Velvet Buzzsaw,5.7,5.7
The Old Ways,5.4,5.5
The Art of Incarceration,8.6,7.0
The Laundromat,6.3,6.8
Pokémon the Movie: Secrets of the Jungle,6.4,5.9
Project Power,6.0,5.5
In the Tall Grass,5.4,5.6
#Alive,6.3,5.3
Tread,7.1,6.7
Paddleton,7.1,6.4
Lost Girls,6.1,6.0
Fyre,7.2,7.1
The Wolf's Call,6.9,6.0
Pokemon the Movie: Mewtwo Strikes Back - Evolution,5.7,6.3
The Red Sea Diving Resort,6.6,6.8
Thackeray,5.3,6.7
Charlie Says,5.9,7.4
Crip Camp: A Disability Revolution,7.7,7.2
Polar,6.3,6.2
The Silence,5.3,5.6
Spenser Confidential,6.2,5.9
Ip Man 4: The Finale,7.0,6.5
David Attenborough: A Life on Our Planet,8.9,6.7
Doom: Annihilation,3.7,5.1
I Lost My Body,7.5,6.8
Cut Throat City,4.8,5.9
High Flying Bird,6.2,6.4
The Water Man,5.4,5.2
The Lost Husband,6.1,5.9
IO,4.7,6.0
Rocks,7.4,6.4
Over the Moon,6.3,5.8
Kiss the Ground,8.2,6.7
This Changes Everything,7.6,7.0
Eli,5.8,5.9
The Boy Who Harnessed the Wind,7.6,6.9
Jiu Jitsu,2.9,5.2
American Murder: The Family Next Door,7.2,6.6
Atlantics,6.7,6.2
Rim of the World,5.2,5.6
The Vanished,5.7,5.6
2 Hearts,6.2,5.9
Avengement,6.5,5.6
A Shaun the Sheep Movie: Farmageddon,6.8,6.4
The Edge of All We Know,6.6,6.8
Rolling Thunder Revue: A Bob Dylan Story by Martin Scorsese,7.6,7.6
American Factory,7.4,7.2
Wasp Network,5.9,6.2
Klaus,8.1,6.7
We Can Be Heroes,4.7,5.5
All the Bright Places,6.5,5.9
The Last Blockbuster,6.7,6.7
The Great Hack,7.1,7.5
Night in Paradise,6.7,5.8
The Disciple,7.1,6.3
The Boys in the Band,6.8,6.4
Miss Americana,7.4,6.8
The Forty-Year-Old Version,7.2,6.3
Audrey,7.1,7.0
Calm with Horses,6.8,6.1
Skylines,4.7,5.6
Girl on the Third Floor,4.7,5.7
Vita & Virginia,5.7,6.1
Captain Underpants: Epic Choice-o-rama,6.4,5.5
The Perfect Date,5.8,5.9
Love Wedding Repeat,5.5,5.5
Disclosure,8.2,6.9
Framing John DeLorean,6.5,7.4
The Decline,6.0,5.3
Patsy & Loretta,6.8,6.3
What Lies Below,4.3,4.9
The Sleepover,5.6,5.3
Magamuni,7.8,6.7
Bill Burr: Paper Tiger,8.1,5.9
Sergio,6.2,7.2
The Lift Boy,7.1,6.4
Made You Look: A True Story About Fake Art,7.0,6.8
The Swarm,5.3,5.7
A Whisker Away,6.7,6.3
Fatima,6.5,6.5
Dave Chappelle: Sticks & Stones,8.4,6.0
Tell Me Who I Am,7.6,7.0
Concrete Cowboy,6.3,6.2
"Live Twice, Love Once",7.2,6.3
Uncorked,6.4,6.1
Poms,6.0,6.4
Barbie: Princess Adventure,5.5,6.2
Nobody Sleeps in the Woods Tonight,4.9,5.1
The Reason I Jump,7.5,6.9
Violet Evergarden: The Movie,8.3,6.8
Jo Koy: Comin’ In Hot,7.3,5.9
The Operative,5.7,6.1
See You Yesterday,5.2,5.6
The Willoughbys,6.3,6.5
Close,5.7,6.0
The Silence of Others,8.0,7.2
Cuties,3.4,6.1
An Easy Girl,5.6,6.2
Nate Bargatze: The Tennessee Kid,7.6,5.9
The Babysitter: Killer Queen,5.8,5.5
Tall Girl,5.2,5.7
Cadaver,5.1,5.4
Let It Snow,5.8,5.9
Holidate,6.1,5.7
Sightless,5.5,5.8
The Last Thing He Wanted,4.3,6.1
ZZ Top: That Little Ol' Band from Texas,7.5,7.0
Super Deluxe,8.4,6.5
System Crasher,7.8,6.5
Unbreakable Kimmy Schmidt: Kimmy vs. the Reverend,6.9,5.3
Jenny Slate: Stage Fright,5.8,6.9
Lying and Stealing,5.4,6.5
I'm No Longer Here,7.3,6.5
Children of the Sea,6.5,6.2
9to5: The Story of A Movement,7.4,7.0
To All the Boys: P.S. I Still Love You,6.0,5.9
Hubie Halloween,5.2,5.4
Vampires vs. the Bronx,5.6,5.4
The Coldest Game,6.2,6.2
Anthony Jeselnik: Fire in the Maternity Ward,7.2,5.9
The Stand In,4.7,6.1
Earthquake Bird,5.9,6.0
Falling Inn Love,5.6,5.8
The Wedding Guest,5.8,5.9
Miles Davis: Birth of the Cool,7.4,7.2
Altered Carbon: Resleeved,6.5,6.1
Have a Good Trip: Adventures in Psychedelics,6.8,6.7
Invader ZIM: Enter the Florpus,7.4,5.6
Forensic,6.8,6.0
The Fable,6.5,6.0
How High 2,3.0,6.0
Violet Evergarden: Eternity and the Auto Memories Doll,7.4,6.9
The Stronghold,6.9,5.4
Coded Bias,6.7,6.7
The Kindness of Strangers,6.4,6.4
I Am Woman,6.5,6.1
Bigfoot Family,5.8,6.4
Death of Me,4.4,5.2
Lost Bullet,6.3,5.4
Screwball,7.1,7.4
Tigertail,6.6,6.0
A Fall from Grace,5.8,6.1
Ghosts of War,5.5,5.5
Under the Eiffel Tower,5.4,5.7
Friendsgiving,4.4,6.1
Jerry Seinfeld: 23 Hours to Kill,6.7,5.6
Michelle Wolf: Joke Show,7.2,5.8
Death to 2020,6.8,5.7
Lingua Franca,6.5,6.1
Surviving R. Kelly: The Impact,6.1,7.2
Article 15,8.2,6.5
The Life Ahead,6.8,6.1
Desperados,5.2,5.6
Dave Chappelle: The Kennedy Center Mark Twain Prize,7.4,5.8
Becoming,6.8,6.7
Sebastian Maniscalco: Stay Hungry,7.0,5.9
Captain Underpants: Mega Blissmas,5.2,6.0
Miracle in Cell No. 7,8.2,6.7
The Occupant,6.4,5.5
Gabriel Iglesias: One Show Fits All,7.2,7.0
Nikki Glaser: Bangin',6.1,5.9
The Sky Is Pink,7.5,6.1
Money Heist: The Phenomenon,7.4,6.5
Freaks – You're One of Us,5.4,5.5
Time to Hunt,6.3,5.7
Almost Love,5.7,6.0
We Die Young,5.2,5.9
Jo Koy: In His Elements,5.4,5.5
The Last Days of American Crime,3.7,5.8
Taylor Tomlinson: Quarter-Life Crisis,7.4,5.6
Human Nature,7.7,6.9
Benchwarmers 2: Breaking Balls,4.1,6.1
Holiday in the Wild,6.1,6.0
Jingle Jangle: A Christmas Journey,6.4,5.7
Circus of Books,7.1,7.3
Dangerous Lies,5.3,5.4
The Endless Trench,7.2,6.7
Brené Brown: The Call to Courage,7.7,7.1
Your Name Engraved Herein,7.2,5.9
Dance of the Forty One,6.8,6.4
Me Against You: Mr. S's Vendetta,1.6,5.2
Inside Man: Most Wanted,5.6,5.8
Tom Segura: Ball Hog,7.3,5.7
Secret Obsession,4.4,6.2
Iron Fists and Kung Fu Kicks,6.6,7.4
American Son,5.8,6.4
"Bikram: Yogi, Guru, Predator",6.7,7.0
Bethany Hamilton: Unstoppable,7.4,7.0
Coffee & Kareem,5.1,5.5
Walk. Ride. Rodeo.,6.4,6.4
Brother,6.7,6.3
Silver Skates,7.1,5.7
Thomas & Friends: Marvelous Machinery,6.1,5.9
Debt Collectors,5.8,5.6
The Body Remembers When the World Broke Open,6.9,6.3
Badla,7.8,6.4
The Show Must Go On: The Queen + Adam Lambert Story,7.8,6.9
Mike Birbiglia: The New One,7.7,6.0
Game Over,7.0,5.6
The Forest of Love,6.3,6.1
Elisa & Marcela,6.6,6.1
The Hard Way,4.8,5.8
The Edge of Democracy,7.3,7.5
The Crimes That Bind,6.7,5.9
"Love, Guaranteed",5.6,5.5
The Kissing Booth 2,5.7,5.8
Undercover Brother 2,3.4,5.8
Dear Mother,5.8,6.1
The F**k-It List,5.1,5.9
LEGO Marvel Spider-Man: Vexed by Venom,5.6,5.8
Ni de coña,2.8,5.7
Homecoming: A Film by Beyoncé,7.5,7.4
NiNoKuni,6.1,6.2
Hard Kill,3.3,5.5
World Famous Lover,5.0,6.2
The 2nd,3.8,5.8
Nobody Knows I'm Here,6.5,6.0
John Mulaney & The Sack Lunch Bunch,7.4,5.6
Pets United,3.7,6.8
Aziz Ansari: Right Now,7.5,5.9
Seized,5.3,5.3
Dolly Parton: Here I Am,7.3,7.0
Asphalt Burning,5.1,5.5
A Secret Love,7.8,7.0
All My Friends Are Dead,5.8,5.9
Rose Island,7.0,6.2
The Grizzlies,7.4,6.5
Kidnapping Stella,4.9,5.9
Jim Jefferies: Intolerant,7.2,5.6
Work It,6.1,5.9
Burning Cane,5.5,6.2
A Babysitter's Guide to Monster Hunting,5.4,5.5
In Family I Trust,6.2,5.5
Roped,5.4,5.3
A Remarkable Tale,5.3,6.2
Making The Witcher,6.8,6.4
Athlete A,7.6,6.9
Saaho,5.0,6.1
Trouble,5.8,6.2
Rocko's Modern Life: Static Cling,6.9,5.8
Holiday on Mars,2.7,5.5
So My Grandma's a Lesbian!,4.3,5.7
Go!,5.9,5.6
ReMastered: The Two Killings of Sam Cooke,7.2,6.9
Grass Is Greener,7.1,7.0
David Foster: Off the Record,7.0,7.1
Double World,6.1,5.8
Kolaiyuthir Kaalam,2.6,5.8
"Best Wishes, Warmest Regards: A Schitt's Creek Farewell",8.6,6.4
Only Mine,4.6,6.1
Tom Papa: You're Doing Great!,7.2,5.6
How I Became a Super Hero,5.8,5.6
Unknown Origins,6.1,5.6
Dragon Rider,5.6,6.0
Ala Vaikunthapurramuloo,7.3,6.4
"Frankenstein's Monster's Monster, Frankenstein",5.8,5.7
Drive,3.1,6.2
Footfairy,4.9,5.7
Marc Maron: End Times Fun,6.8,6.6
Stand by Me Doraemon 2,7.5,6.3
Otherhood,6.1,6.2
BLACKPINK: Light Up the Sky,7.3,6.7
Ammar,2.6,5.3
Sextuplets,4.4,6.1
ReMastered: Devil at the Crossroads,7.0,6.7
Justine,6.7,6.4
Eye for an Eye,6.6,5.8
Feel the Beat,6.3,5.9
"Oh, Ramona!",4.8,5.8
Furie,5.6,5.7
Rattlesnake,4.6,5.7
Rich in Love,6.0,5.5
Coven,6.4,5.4
Ready to Mingle,5.9,5.8
M8 - When Death Rescues Life,7.0,6.1
Out of My League,6.1,5.6
Best of Stand-up 2020,5.4,5.7
Jimmy Carr: The Best of Ultimate Gold Greatest Hits,7.3,5.8
The Paramedic,5.7,5.6
Let's Dance,5.9,6.1
A Life of Speed: The Juan Manuel Fangio Story,6.9,6.8
Kardec,6.1,6.5
4 latas,5.9,6.3
Kevin Hart: Zero F**ks Given,6.0,5.7
Inhuman Kiss,6.4,5.7
What We Wanted,5.9,6.1
The Legacy of the Bones,6.3,6.0
Serious Men,6.8,6.2
Sky High,5.6,5.7
Michael McIntyre: Showman,7.1,5.6
Svaha: The Sixth Finger,6.2,5.6
Legacy of Lies,5.0,5.5
Definition Please,5.5,6.0
Wanda Sykes: Not Normal,7.2,5.9
Love Aaj Kal,6.8,6.2
All Day and a Night,5.9,6.4
Wish Upon a Unicorn,5.3,5.5
The Black Godfather,7.4,7.2
Grand-Daddy Day Care,4.9,5.8
The Last Laugh,5.6,6.1
Pete Davidson: Alive from New York,6.1,5.5
Sin City,3.1,6.2
Katherine Ryan: Glitter Room,6.7,5.9
Seventeen,7.2,6.3
Jack Whitehall: I'm Only Joking,6.6,5.6
Bulletproof 2,3.5,5.8
Shawn Mendes: In Wonder,6.4,6.7
Alice Júnior,6.8,6.9
School Life,6.5,6.4
El Pepe: A Supreme Life,7.1,6.9
Hikaru Utada Laughter in the Dark Tour 2018,8.2,7.3
Raat Akeli Hai,7.3,6.3
Patria,7.2,7.5
The Ruthless,6.2,6.4
Lady Driver,5.7,6.1
Under the Riccione Sun,5.5,5.8
Good Sam,5.7,5.9
Funny Boy,6.4,6.2
Kevin Hart: Irresponsible,6.5,5.9
Airplane Mode,5.1,5.7
Paradise Beach,4.6,5.8
Petta,7.3,6.6
LA Originals,7.2,6.8
A California Christmas,5.8,5.9
Secrets of the Saqqara Tomb,7.2,7.2
Alien Warfare,2.6,5.4
Funan,6.8,7.5
The Knight Before Christmas,5.5,6.0
Black Beach,5.6,5.7
Hospital,3.1,5.1
Ella Fitzgerald: Just One of Those Things,6.9,7.0
Enter the Anime,2.6,6.8
Offering to the Storm,6.2,5.9
Our Planet: Behind the Scenes,8.3,6.8
The Binding,4.8,5.4
Back of the Net,5.1,6.0
Knock Down the House,7.2,6.9
Romeo Akbar Walter,6.6,6.2
Seven,7.3,6.5
Parchís: the Documentary,6.8,7.2
Memories of a Teenager,6.5,6.3
Notes for My Son,6.4,6.0
Rising Phoenix,8.1,6.9
Made in China,6.2,5.9
Operation Christmas Drop,5.8,5.2
Eeb Allay Ooo!,7.2,6.1
The Influence,4.6,6.6
Brave Blue World,6.7,6.7
DNA,5.9,6.3
Rising High,5.9,6.1
Spelling the Dream,6.9,6.7
Rogue Warfare: Death of a Nation,3.3,5.9
Monster Run,5.2,5.4
Youth v Gov,6.7,6.8
Really Love,6.1,5.8
Rhys Nicholson: Live at the Athenaeum,7.5,5.6
Dragons: Rescue Riders: Secrets of the Songwing,5.0,5.7
Wira,6.3,6.2
Malaal,5.8,6.0
Ronny Chieng: Asian Comedian Destroys America!,7.4,5.9
All Together Now,6.5,6.0
Luka Chuppi,6.3,6.2
Bheeshma,6.5,5.6
Calum von Moger: Unbroken,6.2,6.9
Octonauts and the Caves of Sac Actun,6.2,6.2
18 Presents,6.9,6.1
Panipat,5.2,6.8
Three Thieves,8.2,6.2
Cinderela Pop,4.5,5.3
Isi & Ossi,6.4,5.6
The Millions,5.4,6.0
Maria,5.0,5.8
Residue,6.5,6.1
Beats,6.3,6.5
Eric Andre: Legalize Everything,6.1,5.6
Wheels of Fortune,5.3,6.0
Christmas Crossfire,4.8,5.7
The Scary House,5.4,5.1
Xico's Journey,5.1,6.3
"Hello, Privilege. It's Me, Chelsea",4.5,6.8
"Berlin, Berlin",3.8,5.6
The Main Event,4.8,5.3
Kannum Kannum Kollaiyadithaal,7.7,6.0
"ariana grande: excuse me, i love you",6.3,6.8
Bobbleheads: The Movie,2.3,6.2
The Christmas Chronicles: Part Two,6.0,5.6
Octonauts and the Great Barrier Reef,6.5,5.7
Malibu Rescue,4.9,5.3
It Takes a Lunatic,6.6,7.5
Bert Kreischer: Hey Big Boy,7.0,5.6
Midnight at the Magnolia,5.8,5.4
Girls with Balls,3.9,5.4
A Kid from Coney Island,7.0,7.0
Soni,7.1,6.4
Malang,6.5,5.6
Mrs. Serial Killer,4.2,6.0
Tragic Jungle,5.6,5.9
Rubaru Roshni,8.6,7.1
The Man Without Gravity,5.8,6.4
Shine Your Eyes,6.5,5.9
The Little Switzerland,4.8,6.0
Mucho Mucho Amor: The Legend of Walter Mercado,7.2,6.8
Menendez: The Day of the Lord,4.9,5.4
Single Slipper Size - 7,8.4,6.3
Happy Old Year,7.2,6.2
37 Seconds,7.4,6.5
Keeping the Bees,5.8,6.3
Psycho,6.2,6.2
Simon Amstell: Set Free,6.5,5.8
The Most Dangerous Man in Europe,6.8,7.1
Dragon Quest: Your Story,6.5,6.3
Jack Whitehall: Christmas with my Father,6.0,6.8
Full Out 2: You Got This!,4.6,5.5
Tune in for Love,7.1,6.2
#AnneFrank. Parallel Stories,6.5,7.5
Who Would You Take to a Deserted Island?,5.3,6.2
Sarah Cooper: Everything's Fine,5.5,5.5
Paris Is Us,4.6,6.2
The Path of the Anaconda,6.7,6.8
A Christmas Prince: The Royal Baby,5.4,5.4
All the Freckles in the World,5.2,5.7
Oprah Winfrey Presents: When They See Us Now,7.7,6.8
Out of the Clear Blue Sky,6.5,6.1
Quiet,6.4,6.1
Fortune Feimster: Sweet & Salty,6.8,5.8
Gather,7.8,6.6
Bombay Rose,6.2,6.9
Jo Pil-ho: The Dawning Rage,6.3,6.1
ReMastered: The Miami Showband Massacre,7.0,6.9
Amy Schumer: Growing,5.4,5.9
Motichoor Chaknachoor,5.8,6.1
Chris D'Elia: No Pain,5.9,5.6
A New York Christmas Wedding,5.3,5.7
Classmates Minus,7.1,6.3
Little Big Women,7.2,6.3
Indoo Ki Jawani,3.0,6.2
Franco Escamilla: bienvenido al mundo,7.0,5.8
Class of '83,5.8,5.6
Jungle Beat: The Movie,5.4,6.1
Villain,5.9,5.7
Bigflo & Oli: Hip Hop Frenzy,6.7,6.8
Shanghai Fortress,4.3,5.9
Kabir Singh,7.0,6.3
Seth Meyers: Lobby Baby,7.4,5.9
Firebrand,5.1,6.5
Deadly Switch,4.5,5.8
Whitney Cummings: Can I Touch It?,6.5,5.8
Jeff Dunham: Beside Himself,6.9,5.8
Uma Maheswara Ugra Roopasya,7.7,6.3
Gunjan Saxena: The Kargil Girl,5.6,6.2
The Beast,5.2,5.6
Kitty Love: An Homage to Cats,5.1,6.5
Nate: A One Man Show,6.6,5.6
Cargo,5.6,6.3
The Yin-Yang Master: Dream of Eternity,6.4,6.0
Hazel Brugger: Tropical,6.2,5.6
Uyare,8.0,6.6
Choked: Paisa Bolta Hai,5.7,6.0
Òlòtūré,5.5,6.4
Travis Scott: Look Mom I Can Fly,6.3,7.0
Tell Me When,5.7,6.4
Bridezilla,6.1,6.0
Emicida: AmarElo - It's All for Yesterday,8.5,6.7
Shawn Mendes: Live in Concert,7.1,6.6
The (Silent) War,5.5,6.2
I Am Vengeance: Retaliation,3.4,5.6
Afonso Padilha: Classless,6.8,5.6
Fierce,5.5,5.9
The Lost Okoroshi,5.8,5.8
Lift Like a Girl,7.8,6.7
The Trap,4.3,6.1
Road to Roma,7.7,6.6
Larry the Cable Guy: Remain Seated,6.6,5.7
Asphalt Goddess,4.9,6.3
The Crystal Calls - Making The Dark Crystal: Age of Resistance,7.6,7.0
The Spooky Tale of Captain Underpants Hack-a-Ween,5.9,6.0
The Road to El Camino: Behind the Scenes of El Camino: A Breaking Bad Movie,7.1,6.6
Cemara's Family,7.7,6.2
Ek Ladki Ko Dekha Toh Aisa Laga,5.6,6.2
The Larva Island Movie,5.1,6.3
Ultras,6.2,6.2
"Ken Jeong: You Complete Me, Ho",5.7,5.9
The Stand at Paxton County,6.3,6.0
A Second Chance: Rivals!,4.6,6.0
Murder to Mercy - The Cyntoia Brown Story,6.3,6.8
Alex Fernández: The Best Comedian in the World,6.1,5.5
Angela's Christmas Wish,7.1,6.3
Strain,5.6,6.2
"¡Ay, mi madre!",3.9,5.9
Ramprasad Ki Tehrvi,7.5,6.1
Bulbbul,6.5,5.7
Thiago Ventura: POKAS,6.4,5.7
Red Snow,4.5,6.4
Dolly Parton's Christmas on the Square,5.2,5.4
You've Got This,5.8,5.6
"Rob Schneider: Asian Momma, Mexican Kids",5.5,5.5
Los Tigres del Norte at Folsom Prison,7.0,6.8
Despite Everything,5.3,5.9
Tiffany Haddish: Black Mitzvah,6.3,5.8
Into the Beat,5.3,5.7
What the F* Is Going On?,7.4,7.0
Cuddle Weather,6.0,6.0
The Three Deaths of Marisela Escobedo,8.1,6.9
Rogue Warfare: The Hunt,3.1,6.0
99 Songs,6.6,6.3
Uncovered,4.6,5.6
The Rope Curse 2,4.7,5.4
Bennett's War,6.0,6.4
Night on Earth: Shot in the Dark,7.7,6.5
Shikara,3.3,6.2
A Land Imagined,6.2,6.1
Hating Peter Tatchell,7.6,6.7
Twin Murders: The Silence of the White City,5.3,5.5
The Man Who Feels No Pain,7.3,6.0
The Boys in the Band: Something Personal,7.2,6.3
Any Crybabies Around?,6.0,6.1
Holiday Rush,4.9,5.7
Love,7.0,5.9
The Body,5.5,5.9
The Blue Elephant 2,8.2,6.0
A Choo,5.5,5.2
The Claus Family,5.5,5.5
Sillu Karupatti,8.0,6.4
K. D.,8.4,6.5
Street Flow,6.4,6.4
Torbaaz,6.9,5.9
Sam Jay: 3 in the Morning,6.4,5.6
The Magic School Bus Rides Again: Kids in Space,6.1,5.5
Iliza Shlesinger: Unveiled,6.5,6.0
Michelle Buteau: Welcome to Buteaupia,7.0,5.6
Vikruthi,7.4,6.5
Nasha Natasha,6.3,6.6
Manmadhudu 2,4.8,6.4
Just Another Christmas,6.7,6.1
The App,2.7,5.8
Dance Dreams: Hot Chocolate Nutcracker,7.0,6.4
Once Again,7.0,6.0
Dragons: Rescue Riders: Hunt for the Golden Dragon,5.1,5.7
Intuition,5.5,6.0
Still Laugh-In: The Stars Celebrate,5.2,5.8
Mi amigo Alexis,5.1,6.1
Vir Das: For India,7.7,5.7
True: Friendship Day,6.9,5.9
Shimla Mirchi,4.6,5.7
Felix Lobrecht: Hype,5.8,5.6
Evelyn,7.2,7.0
The Unknown Saint,6.5,6.1
Penalty,5.3,6.6
Albert  Pinto Ko Gussa Kyun Aata Hai?,5.5,6.4
Spirit Riding Free: Spirit of Christmas,5.2,6.2
AK vs AK,6.9,5.7
Nneka the Pretty Serpent,3.7,5.5
Varane Avashyamund,6.9,5.7
Chopsticks,6.5,6.4
U-Turn,4.4,5.4
Kappela,7.5,5.6
The Fisherman's Diary,6.4,6.4
Back to School,5.3,6.0
ReMastered: Massacre at the Stadium,7.2,7.1
Fearless,4.9,7.0
Chaman Bahar,6.9,6.1
Sethum Aayiram Pon,7.2,6.1
ReMastered: The Lion's Share,6.9,7.0
"Ray Romano: Right Here, Around the Corner",7.2,6.8
Arsenio Hall: Smart and Classy,6.0,5.9
Guna 369,6.7,6.1
High & Low: The Worst,6.7,6.0
Whipped,4.0,5.7
Masameer: The Movie,5.9,6.7
Luccas Neto in: Summer Camp,2.8,6.0
Bulbul Can Sing,7.0,6.4
Maska,5.9,5.8
The 3rd Eye 2,5.4,5.8
Dead Kids,5.3,6.1
Too Handsome To Handle,6.7,6.1
Ginny Weds Sunny,5.7,5.9
Dark City Beneath the Beat,6.6,6.5
The Car: Road to Revenge,4.0,4.9
Jezebel,6.6,6.0
Kenny Sebastian: The Most Interesting Person in the Room,6.0,5.6
Father Soldier Son,7.3,7.1
Juanita,6.0,6.3
A Family Reunion Christmas,5.8,5.3
Nimbe: The Movie,5.9,6.5
Chippa,6.5,6.4
Isa Pa with Feelings,7.8,6.1
Omo Ghetto: The Saga,7.5,5.9
The Knight and the Princess,5.5,6.6
Showtime 1958,5.6,6.2
One-Way to Tomorrow,5.6,5.7
"Colin Quinn: Red State, Blue State",7.6,5.9
Malibu Rescue: The Next Wave,4.8,5.0
Money Trap,6.0,6.3
Kaali Khuhi,3.5,5.4
Nothing to Lose 2,3.0,6.5
Blood Will Tell,6.1,6.3
George Lopez: We'll Do It for Half,5.7,5.5
Time Out,5.9,6.0
Dark Forces,2.7,4.8
Pegasus,6.3,5.8
Bhangra Paa Le,6.2,6.3
Milestone,6.6,6.1
122,6.0,5.5
Saavat,6.5,6.3
Dorasani,5.8,6.3
Krishna and His Leela,5.6,5.7
A Go! Go! Cory Carson Halloween,6.4,5.5
Axone,6.9,6.4
Dilan 1991,6.5,6.2
A Go! Go! Cory Carson Christmas,6.1,5.9
Dying to Tell,6.8,6.8
Tootsies & The Fake,5.9,6.2
Namaste Wahala,5.1,5.8
Guillermo Vilas: Settling the Score,7.1,6.7
The Beginning of Life 2: Outside,8.0,6.8
90 ML,3.3,6.2
Citation,6.1,6.3
Adam Devine: Best Time of Our Lives,5.9,5.9
Dogwashers,5.8,6.1
Small Chops,3.0,6.1
Kaagar,6.2,6.6
Stunt School,4.4,6.1
Bypass Road,5.4,6.4
La Vocera,7.2,6.7
Fan Girl,6.6,6.1
Ahaan,7.0,6.2
Ricardo Quevedo: los amargados somos más,7.3,5.8
Deon Cole: Cole Hearted,6.9,5.9
Who's the Boss,5.7,5.5
27 Steps of May,8.0,6.5
Mere Pyare Prime Minister,6.8,6.4
Brother in Love,7.0,5.9
All Because of You,3.9,5.3
Urzila Carlson: Overqualified Loser,6.3,5.6
From Stress to Happiness,6.3,6.6
Luccas Neto em: Uma Babá Muito Esquisita,3.0,5.6
Jai Mummy Di,3.7,5.8
One Day We'll Talk About Today,7.4,6.9
Perfume Imaginary Museum “Time Warp”,6.5,5.5
Dolly Kitty and Those Twinkling Stars,5.5,6.6
Mariposa,6.9,5.9
Kedibone,4.5,6.1
Kevin Hart's Guide to Black History,5.5,5.8
London Hughes: To Catch A D*ck,4.7,5.6
Jeff Garlin: Our Man in Chicago,5.9,5.8
Milea,6.1,5.8
Guatemala: Heart of the Mayan World,6.6,6.9
Furtive,5.1,5.5
Illegal Woman,6.1,6.2
Seriously Single,4.4,5.4
Four Sisters Before the Wedding,6.2,6.2
Girl's Revenge,5.7,5.9
Velvet Colección: Grand Finale,7.2,5.4
Aaviri,3.5,6.3
A Home with a View,5.9,6.3
A Trash Truck Christmas,5.5,5.6
RattleSnake: The Ahanna Story,4.7,6.3
The Bling Lagosians,6.4,6.3
Sitara,8.0,7.4
Léa & I,6.5,7.0
Mundina Nildana,6.2,6.1
Tuna Girl,6.1,6.3
Mo Gilligan: Momentum,6.3,5.9
This Lady Called Life,6.7,6.3
Andre and His Olive Tree,6.7,6.8
Guddiyan Patole,7.0,6.5
Santana,3.8,5.9
Hunter in the Blue Side of Manchester,5.7,6.1
Tarung Sarung,5.9,5.7
Gold Statue,6.2,6.7
The Zoya Factor,4.3,6.3
"Hello, Love, Goodbye",7.3,6.2
Super Monsters Furever Friends,5.7,6.7
Hot Gimmick: Girl Meets Boy,4.4,6.2
Yeh Ballet,7.5,6.3
Andhaghaaram,7.6,5.7
Liss Pereira: Reteniendo Liquidos,6.4,5.8
Hire a Woman,7.1,5.8
Super Monsters Save Christmas,4.8,6.2
I'm Leaving Now,6.6,6.8
Ludo,7.6,6.3
Mallesham,8.3,6.6
Mike Epps: Only One Mike,4.7,5.9
Kill Me If You Dare,4.4,5.7
The 9th Precinct,5.6,5.9
Whindersson Nunes: Adulto,7.0,5.9
"Kalel, 15",7.2,6.4
Kandasamys: The Wedding,6.0,6.1
A Tale of Two Kitchens,6.5,6.5
Mujeres arriba,3.8,5.5
2 Weeks in Lagos,6.5,6.0
Kids on the Block,5.6,5.8
Eggnoid: Love & Time Portal,6.1,5.9
Asura Guru,3.2,5.5
Kaake Da Viyah,5.1,6.0
Horrid Henry's Gross Day Out,5.9,5.8
House Arrest,5.5,6.1
Beyond the Boundary: ICC Women's T20 World Cup Australia 2020,6.0,6.5
Bombairiya,4.5,6.4
Dad Wanted,5.7,5.8
Revenge of the Pontianak,5.3,5.3
Wanted - Matloubin,4.5,6.3
Love for Sale 2,7.0,6.0
Uriyadi 2,7.1,5.8
Irandam Ulagaporin Kadaisi Gundu,7.2,6.5
Carlos Almaraz: Playing with Fire,7.5,7.0
Hamid,7.7,6.4
Life Overtakes Me,5.0,6.7
David A. Arnold Fat Ballerina,7.3,5.6
Upstarts,6.7,6.5
Mehandi Circus,7.3,6.6
Feo pero Sabroso,4.3,6.0
This Earth of Mankind,6.8,7.2
Francesco De Carlo: Cose di Questo Mondo,6.3,5.9
#FriendButMarried 2,6.9,5.8
Sarvam Thaala Mayam,7.6,6.5
Spirit Riding Free: Ride Along Adventure,6.1,5.7
Fadily Camara: La plus drôle de tes copines,5.7,5.8
Anelka: Misunderstood,6.4,6.8
Mokalik (Mechanic),6.2,6.3
Amit Tandon: Family Tandoncies,7.1,5.7
The Panti Sisters,5.5,6.2
15 August,5.7,6.2
Antoine Griezmann: The Making of a Legend,6.5,6.8
Dear Affy,5.2,5.7
Sur Sapata,7.3,6.5
Luccas Neto in: Children's Day,2.5,5.7
Death Can Wait,4.6,5.8
Super Monsters Back to School,6.2,6.4
Love Like the Falling Rain,4.7,5.7
Marjoun and the Flying Headscarf,6.8,6.2
Kilometers and Kilometers,6.3,6.0
Pinkfong & Baby Shark's Space Adventure,5.1,6.4
One Take,5.9,6.9
Ali & Alia,5.0,6.2
Love and Fury,6.6,6.7
Maniyarayile Ashokan,4.7,5.8
Gone,7.4,5.1
Born Beautiful,5.4,6.1
To Be of Service,7.3,7.0
What are the Odds?,5.2,7.3
"Sincerely Yours, Dhaka",6.9,6.6
Fukrey Boyzzz: Space Mein Fukrapanti,7.8,6.2
Si Doel the Movie 3,6.5,5.8
Grego Rossello: Disculpe las molestias,4.5,5.9
Sky Tour: The Movie,5.5,6.7
Saverio Raimondo: Il Satiro Parlante,5.7,5.9
Lola Igna,7.2,6.4
Mutiny of the Worker Bees,4.1,5.9
I'm Glad I Did,8.4,6.9
RK Nagar,5.1,5.8
"Martin Matte: La vie, la mort... eh la la..!",6.5,5.9
David Batra: Elephant in The Room,5.9,5.7
Evvarikee Cheppoddu,7.2,6.3
Ave Maryam,6.9,5.9
Uncle Naji in UAE,5.0,5.7
Voiceless,6.7,5.7
Mayday Life,6.7,7.1
Super Monsters: Vida's First Halloween,5.9,6.4
40 Sticks,5.7,5.6
Belmonte,6.1,6.1
An Unremarkable Christmas,3.2,6.0
Kambili: The Whole 30 Yards,6.8,5.6
GIMS: On the Record,6.8,6.7
Between Maybes,6.2,6.1
Alone/Together,6.6,6.1
"Yours Sincerely, Kanan Gill",7.1,5.7
We Are One,4.7,6.7
Alelí,6.3,6.3
Ainu Mosir,6.6,6.0
Bhai - Vyakti Ki Valli 2,7.6,6.6
Finding Agnes,5.0,6.2
Daniel Sosa: Maleducado,6.1,5.8
The App That Stole Christmas,3.7,5.8
Sanitation Day,3.3,5.7
Crazy Awesome Teachers,6.1,6.1
Chico Bon Bon and the Very Berry Holiday,5.7,5.9
In Paradox,5.0,5.9
Rakkhosh,4.8,5.8
Vir Das: Outside in - The Lockdown Special,6.4,5.5
Leyla Everlasting,3.7,5.9
We Are Legends,5.2,5.9
My Stupid Boss 2,6.6,6.3
Fate of Alakada,6.9,5.9
Sab el-Burumbah,5.6,6.0
Si Doel the Movie 2,6.8,6.0
The Wedding Shaman,7.1,6.1
She Is,5.8,6.4
Holy Expectations,5.2,6.0
Nenjamundu Nermaiyundu Odu Raja,6.1,6.2
Go! The Unforgettable Party,5.1,5.5
The Day I Lost My Shadow,6.1,6.3
Miranda Sings Live... Your Welcome,5.4,5.8
Story of Kale: When Someone's in Love,6.4,5.6
Sakaling Maging Tayo,7.0,5.7
Thottappan,6.9,6.7
Ibrahim: A Fate to Define,7.4,6.9
Super Monsters: Santa's Super Monster Helpers,4.5,5.9
High End Yaariyaan,5.4,6.0
Edoardo Ferrario: Temi Caldi,6.5,5.9
The Gray Man,6.6,5.7
RRR,8.0,6.7
Sing 2,7.4,6.7
The Man from Toronto,5.8,5.5
Hustle,7.4,6.5
Spiderhead,5.4,5.6
The Sea Beast,7.1,6.2
Girl in the Picture,7.3,6.9
Incantation,6.2,5.5
Umma,4.6,5.7
Operation Mincemeat,6.6,6.9
Valley of the Dead,6.5,5.2
Bill Burr: Live at Red Rocks,7.8,6.7
The Adam Project,6.7,6.1
Don't Look Up,7.2,7.3
The Power of the Dog,6.8,6.3
Blasted,4.8,5.5
"Hello, Goodbye, and Everything in Between",4.9,5.7
Interceptor,4.5,5.7
The Lost Daughter,6.7,6.5
"tick, tick... BOOM!",7.5,6.6
Red Notice,6.3,6.1
My Daughter's Killer,6.9,6.8
Love & Gelato,5.1,5.9
Apollo 10½:  A Space Age Childhood,7.3,5.5
The Alpinist,8.0,6.8
The Mitchells vs. the Machines,7.6,6.4
The Harder They Fall,6.5,6.2
Major,9.1,6.2
Our Father,6.5,6.8
Windfall,5.7,6.0
Senior Year,5.5,6.3
Texas Chainsaw Massacre,4.8,5.3
The Guilty,6.3,5.9
The Colony,5.3,5.3
Norm Macdonald: Nothing Special,7.6,6.7
The Bubble,4.7,6.1
The Hand of God,7.4,6.5
For Jojo,4.2,6.1
The Unforgivable,7.1,6.5
Against the Ice,6.5,6.2
Metal Lords,6.7,6.2
Jennifer Lopez:  Halftime,6.5,6.8
Anek,7.1,6.0
Ricky Gervais: SuperNature,7.8,5.6
Beauty,3.9,5.8
Fear Street: Part One - 1994,6.2,5.9
Who We Are: A Chronicle of Racism in America,6.2,7.0
Bo Burnham: Inside,8.7,7.1
Av: The Hunt,5.5,5.2
Gunpowder Milkshake,6.0,5.7
Bubble,6.3,5.9
Passing,6.7,6.0
Munich: The Edge of War,6.8,6.5
Army of Thieves,6.4,4.8
The Weekend Away,5.6,5.9
A Perfect Pairing,6.1,5.5
Cristela Alonzo: Middle Classy,6.8,6.5
Army of the Dead,5.7,5.5
Downfall: The Case Against Boeing,7.4,6.8
Rescued by Ruby,7.1,5.8
Black Crab,5.6,5.8
14 Peaks: Nothing Is Impossible,7.7,6.8
Bigbug,5.4,5.8
Image of Victory,7.5,6.8
Choose or Die,4.7,5.2
Kate,6.2,5.9
The Dig,7.1,6.7
Bill Burr Presents: Friends Who Kill,4.5,6.7
Till Death,5.8,5.2
Fear Street: Part Two - 1978,6.7,5.9
Fatherhood,6.6,6.3
White Hot: The Rise & Fall of Abercrombie & Fitch,5.7,6.8
Coming Home in the Dark,5.7,5.2
Too Old for Fairy Tales,6.1,5.6
Long Story Short,6.5,5.5
The Sparks Brothers,7.8,7.4
The Shadow in My Eye,7.3,6.7
Dave Chappelle: The Closer,8.0,5.7
No One Gets Out Alive,5.3,5.5
The Vault,6.4,5.6
The Tinder Swindler,7.2,7.0
Under the Amalfi Sun,5.2,5.8
Oxygen,6.5,5.4
Last Man Down,4.8,5.1
The Trip,6.9,5.0
The Woman in the Window,5.7,6.1
365 Days: This Day,2.5,5.9
Aftermath,5.3,5.6
Chickenhare and the Hamster of Darkness,6.3,6.0
Toscana,5.7,5.7
Home Team,6.0,5.5
Live Is Life,7.0,6.2
The White Tiger,7.1,6.5
Captain Nova,5.5,5.0
Outlaws,6.9,5.6
Hypnotic,5.3,5.4
Return to Space,7.3,7.0
Along for the Ride,6.1,5.8
Worth,6.8,6.6
The Starling,6.3,6.2
The Ice Road,5.6,5.9
Back to the Outback,6.5,6.3
After We Fell,4.6,5.9
Jewel,3.3,6.1
Zone 414,4.9,5.5
The Wrath of God,5.7,5.9
The Mystery of Marilyn Monroe: The Unheard Tapes,6.2,6.9
Yes Day,5.7,5.4
Ante... Sundaraniki!,8.0,5.7
"Bob Ross: Happy Accidents, Betrayal & Greed",6.9,6.8
Bhool Bhulaiyaa 2,5.9,5.7
Glamour Girls,3.6,6.3
Gladbeck: The Hostage Crisis,7.5,6.8
Peter Rabbit 2: The Runaway,6.2,6.3
Joel Kim Booster: Psychosexual,5.5,6.6
Beast,5.2,5.8
The Last Letter From Your Lover,6.6,5.9
Final Account,7.1,6.9
Things Heard & Seen,5.3,5.6
Vivo,6.7,6.6
My Little Pony: A New Generation,6.8,6.0
Fistful of Vengeance,4.4,5.9
Restless,5.8,5.4
Blood Red Sky,6.1,5.2
The Witcher: Nightmare of the Wolf,7.2,6.5
Gangubai Kathiawadi,7.0,6.6
Godse,8.2,5.7
Malcolm & Marie,6.6,6.0
Brazen,4.1,5.6
Space Sweepers,6.5,6.0
The Lovebirds,6.0,5.0
Trust No One: The Hunt for the Crypto King,6.3,6.8
Borrego,5.7,5.7
Intrusion,5.2,5.9
Count Me In,6.8,6.6
Nightbooks,5.7,5.2
Through My Window,5.4,6.0
My Wonderful Life,5.8,5.8
Taylor Tomlinson: Look at You,7.3,6.5
The Takedown,5.7,6.0
The Summit of the Gods,7.5,6.9
Love Hard,6.3,5.6
Pete Davidson Presents: The Best Friends,4.7,6.6
The Pirates: The Last Royal Treasure,6.0,6.1
Beckett,5.6,5.8
Jim Gaffigan: Comedy Monster,6.8,5.6
The Block Island Sound,5.3,5.0
Night Teeth,5.6,5.3
Cosmic Sin,2.5,5.4
Cyber Hell: Exposing an Internet Horror,6.5,6.8
America: The Motion Picture,5.6,6.8
Like A Rolling Stone: The Life & Times of Ben Fong-Torres,7.3,6.8
SAS: Red Notice,5.2,5.9
Tyler Perry's A Madea Homecoming,5.6,5.9
The God Committee,5.8,5.9
Thunder Force,4.4,5.6
Dangerous Liaisons,3.9,5.9
Awake,4.9,5.5
Amy Schumer Presents: Parental Advisory,3.8,6.6
7 Prisoners,7.1,6.2
He's All That,4.3,5.6
Robin Robin,7.2,5.6
Prayers for the Stolen,7.3,6.3
Aziz Ansari: Nightclub Comedian,7.0,5.4
Kuttavum Shikshayum,6.2,5.9
The House,6.9,5.8
The Royal Treatment,5.2,5.2
Schumacher,7.4,6.9
There's Someone Inside Your House,4.8,5.2
Stowaway,5.6,5.7
Ali Wong: Don Wong,6.5,5.6
Jimmy Carr: His Dark Material,7.1,5.6
Paul Virzi: Nocturnal Admissions,7.1,5.6
Sweet Girl,5.5,5.8
Minnal Murali,8.1,6.1
Seaspiracy,8.1,6.8
Viraata Parvam,8.0,5.9
Collision,3.9,5.9
Operation Romeo,6.2,6.1
Pray Away,6.5,6.8
Moxie,6.7,6.3
Wish Dragon,7.2,6.0
Silverton Siege,6.2,5.7
Jaadugar,7.3,6.2
Good on Paper,5.6,5.5
Finding ʻOhana,6.1,5.4
Bruised,6.1,6.1
Green Snake,6.8,6.6
Hilda and the Mountain King,7.7,6.5
Procession,7.2,7.0
Diana: The Musical,4.2,6.2
Ben & Jody,5.4,5.7
The Wasteland,4.6,5.4
David Spade: Nothing Personal,5.8,6.6
Shiny_Flakes: The Teenage Drug Lord,7.3,6.8
A Cop Movie,7.0,6.7
Untold: Malice at the Palace,7.5,6.7
Django & Django,6.9,6.7
Photocopier,6.7,6.1
Afterlife of the Party,5.8,5.9
F3: Fun and Frustration,5.5,5.5
Stand Out: An LGBTQ+ Celebration,5.9,6.7
Dirty Daddy: The Bob Saget Tribute,6.6,5.8
Riverdance: The Animated Adventure,5.4,6.6
My Best Friend Anne Frank,6.2,6.2
Thar,6.1,5.6
Without Saying Goodbye,5.7,5.5
Kingdom: Ashin of the North,7.2,5.2
My Father's Violin,6.4,6.2
Love and Leashes,6.3,5.7
Marmaduke,4.8,6.3
Nate Bargatze: The Greatest Average American,7.3,5.6
The Privilege,4.6,5.3
More the Merrier,5.4,5.6
Trees of Peace,6.4,6.1
Badhaai Do,7.1,6.5
Jane Fonda & Lily Tomlin: Ladies Night Live,5.5,6.6
Mixtape,6.6,5.4
Britney vs. Spears,6.4,6.7
Ranveer vs Wild with Bear Grylls,7.3,6.5
Dear Friend,5.9,5.9
Marilyn's Eyes,6.6,6.2
Prey,4.3,5.8
Misha and the Wolves,6.7,7.1
The Kissing Booth 3,4.7,5.7
The Loud House Movie,6.1,6.0
Fever Dream,5.4,5.5
Blue Miracle,6.6,5.5
Home2Home,7.9,6.5
83,7.5,6.9
Rurouni Kenshin: The Beginning,7.4,6.2
Honeymoon With My Mother,5.8,5.9
Death to 2021,6.3,5.6
"Vengeance Is Mine, All Others Pay Cash",7.0,5.6
The Getaway King,6.5,5.8
Yaksha: Ruthless Operations,6.2,5.6
Outside the Wire,5.4,5.5
Civil: Ben Crump,5.4,6.9
The Minimalists: Less Is Now,5.9,6.5
The Devil Below,4.2,5.2
The Seventh Day,4.5,5.4
Extinct,5.4,6.0
The Fable: The Killer Who Doesn't Kill,6.8,5.5
Rurouni Kenshin: The Final,7.2,6.2
Bruna Louise: Demolition,4.5,6.5
Prophetess,6.8,6.4
To All the Boys: Always and Forever,6.3,6.0
100 días con la Tata,7.9,6.4
Aileen Wuornos: American Boogeywoman,3.7,5.4
Tall Girl 2,4.7,5.5
Nobody Sleeps in the Woods Tonight 2,3.9,5.2
A Week Away,5.7,5.5
Jana Gana Mana,8.3,6.3
Single All the Way,6.1,5.8
Dhamaka,7.2,5.8
The River Runner,6.9,6.4
Monster,6.5,6.2
Never Back Down: Revolt,4.0,5.9
Untold: Breaking Point,7.6,6.7
Heart Parade,4.9,5.6
Pelé,7.0,6.9
Grudge,5.5,6.0
Brian Regan: On the Rocks,6.8,5.6
Penguin Bloom,6.8,6.2
Rita Moreno: Just a Girl Who Decided to Go for It,7.7,6.8
Operation Varsity Blues: The College Admissions Scandal,6.9,7.1
A Stand Worthy of Men,7.2,6.2
Furioza,6.2,6.0
Four to Dinner,6.3,5.5
Seal Team,5.5,6.7
Most Eligible Bachelor,6.1,6.3
Katt Williams: World War III,4.6,5.6
Snoop Dogg's F*cn Around Comedy Special,5.2,6.5
Shaun the Sheep: The Flight Before Christmas,7.3,5.9
The Invisible Thread,6.7,5.7
Mobile Suit Gundam Hathaway,6.6,6.2
AI Love You,4.4,5.6
The Hall: Honoring the Greats of Stand-Up,6.3,6.6
Hurdang,4.9,6.0
The Turning Point,6.1,6.1
Sentinelle,4.7,5.5
Stuck Together,6.3,6.0
F*ck Love Too,3.8,5.5
Vicky and Her Mystery,6.4,5.6
Game Changer,4.1,5.5
Murder by the Coast,6.5,7.1
Chappelle's Home Team - Earthquake: Legendary,6.9,5.5
The 8th Night,5.3,5.3
Ferry,7.0,5.7
The Trip 6,3.2,5.7
Radhe Shyam,5.3,6.1
A Boy Called Christmas,6.7,5.6
Jeff Foxworthy: The Good Old Days,6.1,6.5
The Taming of the Shrewd,4.5,5.6
Operation Hyacinth,6.7,6.0
The Perfect Family,5.3,5.9
Sooryavanshi,6.3,5.8
CBI 5: The Brain,6.3,6.1
L.O.L. Surprise: The Movie,3.8,5.5
Skater Girl,6.6,5.8
Found,7.5,7.0
The Falls,7.0,6.3
Yara,6.2,5.9
Nicole Byer: BBW (Big Beautiful Weirdo),5.7,5.6
Cobalt Blue,6.6,5.9
This Is the Night,5.4,6.2
Don't Kill Me,4.3,5.0
A Castle for Christmas,5.5,5.5
I Am All Girls,5.9,6.0
Sounds Like Love,5.4,5.8
Ride or Die,5.6,5.9
Thomas & Friends: All Engines Go - Race for the Sodor Cup,3.7,6.1
Jersey,7.3,6.3
The Girl on the Train,4.4,6.1
Cousins,6.9,6.2
Oprah + Viola: A Netflix Special Event,7.2,6.5
Deep,4.8,5.7
The Phantom,6.5,6.7
Fate: The Winx Saga - The Afterparty,6.2,6.6
Secret Magic Control Agency,6.2,6.4
Doom of Love,4.7,5.8
Breaking Boundaries: The Science of Our Planet,7.8,6.6
All Hail,5.6,6.2
The Seven Deadly Sins: Cursed by Light,6.4,6.3
Don,7.0,5.9
The Last Mercenary,5.3,5.4
Lulli,4.8,5.5
Dancing on Glass,5.5,6.2
"My Brother, My Sister",6.0,6.2
Je suis Karl,5.4,5.7
Blood Brothers: Malcolm X & Muhammad Ali,6.9,7.1
Trollhunters: Rise of the Titans,6.7,6.4
Amina,3.8,6.6
The Princess Switch 3: Romancing the Star,5.5,5.5
Looop Lapeta,5.2,5.2
Anonymously Yours,5.7,5.9
The Last Forest,7.3,6.9
Rumspringa,5.3,5.8
Bordertown: The Mural Murders,6.2,6.1
Biking Borders - eine etwas andere Reise,7.7,6.7
Ronny Chieng: Speakeasy,6.3,6.5
Biggie: I Got a Story to Tell,6.8,6.8
Super Me,5.8,5.7
The Whole Truth,5.1,5.7
Jonas Brothers Family Roast,5.2,5.6
The Soul,6.6,5.9
"Sing, Dance, Act: Kabuki featuring Toma Ikuta",6.9,6.6
And Tomorrow the Entire World,6.0,5.8
One,6.5,6.2
Major Grom: Plague Doctor,6.3,5.9
Anne+,6.0,6.1
Ajeeb Daastaans,6.7,6.1
Dynasty Warriors,4.7,5.8
"Barbie: Big City, Big Dreams",5.7,6.1
Roohi,4.3,5.6
Crazy About Her,6.6,5.5
Confessions of an Invisible Girl,5.2,6.0
Doctor,7.5,5.7
Battle: Freestyle,4.3,5.7
Theo Von: Regular People,5.1,5.6
Octonauts: The Ring of Fire,6.4,6.5
Chris Rock Total Blackout: The Tamborine Extended Cut,7.1,5.9
Montford: The Chickasaw Rancher,6.6,6.3
Creating The Queen's Gambit,6.9,6.3
Nayattu,8.1,6.1
Hey! Sinamika,6.0,6.1
Christina P: Mom Genes,5.8,6.5
Memories of a Murderer: The Nilsen Tapes,6.3,6.8
Heroes: Silence and Rock & Roll,7.5,6.7
Phil Wang: Philly Philly Wang Wang,6.1,5.6
"Strip Down, Rise Up",5.2,6.9
This Little Love of Mine,5.3,5.4
Bright: Samurai Soul,5.5,6.2
Last Summer,6.3,5.8
40 Years Young,4.3,5.7
Red Dot,5.5,5.4
Black Island,5.2,6.0
Love Tactics,5.2,5.5
Yuri Marçal: Honest Mistake,6.1,6.5
Paper Lives,6.6,6.1
The Women and the Murderer,6.4,6.8
Resort to Love,5.7,5.5
7 Yards: The Chris Norton Story,7.8,6.8
UFO,4.7,6.8
Below Zero,6.2,5.3
Child of Kamiari Month,5.8,6.6
The Secret Diary of an Exchange Student,5.3,5.5
Making Malinche: A Documentary by Nacho Cano,5.1,6.7
Hate by Dani Rovira,6.7,5.8
American Girl,7.1,5.8
Etharkkum Thunindhavan,6.6,6.0
Man in Love,6.9,5.8
Dasvi,7.4,6.3
JJ+E,5.3,5.7
The Hand of God: Through the Eyes of Sorrentino,7.1,6.2
Prime Time,5.2,5.9
Caught by a Wave,5.7,5.8
Honey Girls,4.7,5.4
Mishan Impossible,6.8,5.8
Spoiled Brats,6.1,5.8
Xtreme,5.8,5.7
The Four of Us,5.3,5.7
Latte and the Magic Waterstone,5.6,6.2
Thalaivii,5.9,6.6
Squared Love,5.1,5.5
Why Did You Kill Me?,5.6,6.8
Security,4.9,5.8
Nail Bomber: Manhunt,6.3,6.9
Arlo the Alligator Boy,6.4,6.3
The Photographer: Murder in Pinamar,6.7,6.8
The Last Paradiso,5.6,5.9
The Father Who Moves Mountains,5.5,6.0
Forever Out of My League,5.3,5.8
Homunculus,5.5,6.0
Searching for Sheela,4.3,6.5
Carnaval,4.0,5.8
All About Gila,4.2,5.7
Cinema Bandi,7.9,6.1
Just Say Yes,4.5,5.5
A Family,7.0,6.4
Baggio: The Divine Ponytail,6.1,6.1
Asakusa Kid,7.1,6.2
Sex: Unzipped,2.5,6.5
Broken Idol: The Undoing of Diomedes Díaz,6.3,6.9
This Is Not a Comedy,4.9,6.1
137 Shots,6.2,6.9
Toolsidas Junior,7.5,6.0
Accomplice,7.2,6.4
Swallow,3.5,6.4
Jagame Thandhiram,5.8,6.0
Mike Epps: Indiana Mike,4.2,6.5
Get the Grift,5.3,5.8
How I Fell in Love with a Gangster,6.0,6.7
Ms. Pat: Y'all Wanna Hear Something Crazy?,5.9,5.6
Chandigarh Kare Aashiqui,6.8,5.9
Whindersson Nunes: My Own Show!,7.0,6.5
Emicida AmarElo Live in Sao Paulo,7.6,6.8
"Crack: Cocaine, Corruption & Conspiracy",6.7,7.0
Get the Goat,6.0,5.6
Autumn Girl,5.4,5.8
New Gods: Nezha Reborn,6.8,6.5
Sweet & Sour,6.7,5.5
Donkeyhead,6.1,6.2
The Guide to the Perfect Family,6.4,6.1
Today We Fix the World,6.2,6.1
The Characters of the Continent,6.6,6.2
Irul,5.8,5.6
The Door Into Summer,6.3,5.8
One Night in Paris,4.5,5.6
Chris Distefano: Speshy Weshy,6.4,5.4
Haseen Dillruba,6.9,5.9
Kuthiraivaal,5.6,6.2
Only You,6.5,5.8
Godspeed,6.5,6.3
Mommy Issues,5.4,5.7
Dancing Queens,5.6,6.2
Double Dad,5.6,5.8
Into the Wind,5.2,5.8
A California Christmas: City Lights,5.5,5.9
Breaded Life,7.7,6.2
Animals on the Loose: A You vs. Wild Interactive Movie,5.8,6.2
Amandla,5.5,6.1
Wish You,6.4,5.8
Father Christmas Is Back,4.5,5.9
Lady Boss: The Jackie Collins Story,6.8,6.7
Meskina,5.6,5.5
Madame Claude,5.4,5.9
In for a Murder,5.3,5.6
Kurup,7.1,6.0
Thimmarusu: Assignment Vali,7.2,6.1
Headspace Unwind you Mind,7.2,7.1
Just Short of Perfect,5.3,5.5
Wild Dog,6.1,5.7
One Second,4.7,5.4
1000 Miles from Christmas,5.7,5.2
Annaatthe,4.0,6.2
Michael Che: Shame the Devil,6.4,5.6
Pagglait,6.9,6.2
In Good Hands,5.6,5.5
In Our Mothers' Gardens,8.6,6.7
Hostage House,3.9,5.6
Amy Tan: Unintended Memoir,7.7,6.8
Tughlaq Durbar,5.4,6.2
Untold: Caitlyn Jenner,6.4,6.7
Kadaseela Biriyani,7.5,6.2
Meenakshi Sundareshwar,7.1,5.8
Forever Rich,5.5,5.9
We Couldn't Become Adults,6.4,6.0
Laabam,3.4,6.1
Carlos Ballarta: False Prophet,6.7,5.6
Surviving Paradise: A Family Tale,7.5,6.7
Escape the Undertaker,4.2,4.4
Ghost Lab,5.1,5.4
The Humans & the Mongoose,5.4,5.5
Zero to Hero,6.7,6.1
Puff: Wonders of the Reef,7.1,6.2
You vs. Wild: Out Cold,5.4,5.1
Lethal Love,4.4,5.6
Lords of Scam,6.3,6.9
Love Like the Falling Petals,6.3,6.0
A World Without,3.8,5.7
The Guardian,5.7,5.6
Love Me Instead,7.0,6.3
The Land,6.1,6.1
One Lagos Night,6.6,5.9
Sharkdog’s Fintastic Halloween,6.5,5.9
David and the Elves,5.2,5.6
Ankahi Kahaniya,5.5,5.9
11M,7.0,6.8
Bartkowiak,5.1,5.3
The House of Flowers: The Movie,5.5,6.1
"Michela Giraud: The Truth, I Swear!",5.5,6.5
Plastic Island,8.0,6.8
Story of Dinda: Second Chance of Happiness,5.6,5.5
Carolin Kebekus: The Last Christmas Special,4.7,5.6
The Misadventures of Hedi and Cokeman,4.4,5.6
Still Out of My League,5.5,5.9
Cem Yılmaz: Diamond Elite Platinum Plus,6.6,5.8
Sardar Ka Grandson,4.2,6.0
Sarbath,5.6,5.8
Dolly Parton: A MusiCares Tribute,6.6,6.5
Tony Parker: The Final Shot,6.8,6.8
Sisters on Track,5.8,6.7
Shyam Singha Roy,7.7,5.5
Blue Dream: The Road to Wembley,7.1,6.4
Private Network: Who Killed Manuel Buendía?,6.8,7.1
Mo Gilligan: There's Mo to Life,5.8,5.6
Johnny Test's Ultimate Meatloaf Quest,7.1,5.9
Have You Ever Seen Fireflies?,6.1,6.2
Mo Amer: Mohammed in Texas,6.5,5.6
Kapil Sharma: I'm Not Done Yet,6.9,5.6
Grumpy Christmas,4.4,5.7
African America,5.2,6.1
Daiki Tsuneta: Tokyo Chaotic,7.5,6.7
Will You Marry?,4.9,5.7
Trapped,6.4,6.0
Haroun,6.3,5.7
Brother in Love 2,6.5,6.0
Angèle,7.0,6.7
Boomika,5.5,5.3
Bankrolled,4.0,5.8
June & Kopi,6.3,5.7
Adam by Eve: A Live in Animation,6.1,6.7
Here and There,6.7,5.8
Time to Dance,2.2,5.1
Love Is Color Blind,6.1,5.6
Shadow Parties,6.2,5.8
Ayinla,8.1,6.2
Loyiso Gola: Unlearning,5.9,5.6
A Perfect Fit,5.3,5.9
Ali & Ratu Ratu Queens,7.0,6.1
D.O.D.: Day of Destiny,5.0,6.0
Meeting Point,4.2,6.0
StarBeam: Beaming in the New Year,5.5,5.8
Trippin’ with the Kandasamys,4.9,5.5
Chief Daddy 2: Going for Broke,3.0,5.9
Clash,6.1,5.8
Tribhanga,6.2,5.8
Slay,3.2,5.5
Gatao: The Last Stray,5.9,5.7
Madam Chief Minister,4.8,6.3
Binti,5.6,6.1
Myriam Fares: The Journey,2.3,6.6
Convergence: Courage in a Crisis,5.4,6.9
Stuck Apart,6.0,6.2
"Let's Tie the Knot, Honey!",4.4,5.5
Upcoming Summer,6.7,6.2
"Rodrigo Sant'anna: I'm Here, I'm Queer!",2.6,5.6
Little Big Mouth,3.9,5.4
30 March,4.0,5.9
A Naija Christmas,4.7,5.9
"Our Lady of San Juan, Four Centuries of Miracles",6.2,6.6
Celeb Five: Behind the Curtain,4.7,6.5
Just in Time,6.9,5.7
Izla,3.7,5.3
Lokillo: Nothing's the Same,4.7,5.6
Lee Su-geun: The Sense Coach,4.1,5.5
Soy Rada: Serendipity,6.2,5.9
Geez & Ann,5.0,5.8
Dearest Boy,6.0,6.0
Tersanjung: The Movie,5.8,5.9
Kaaval,5.1,5.9
The Tambour of Retribution,6.8,6.1
Devdas Brothers,3.3,6.1
What Happened to Mr Cha?,4.3,6.1
The Heartbreak Club,6.3,5.8
Angeliena,7.3,5.8
Layla Majnun,6.0,5.9
Tuesdays And Fridays,4.4,5.6
A Faraway Land,5.0,6.1
I Missed You,5.7,5.8
My Amanda,5.7,5.7
Momshies! Your Soul is Mine,5.8,5.8
Happiness Ever After,4.2,5.8
Kongsi Raya,7.0,5.8
Princess 'Daya'Reese,7.1,5.6
Super Monsters: Once Upon a Rhyme,5.6,5.9
My Bride,5.0,5.7
Fine Wine,6.8,5.8
C/O Kaadhal,7.7,6.4
Lokillo,3.8,5.8
